"variable","mean","median","sd","mad","q5","q95","rhat","ess_bulk","ess_tail"
"alpha0",-0.018518610128155,-0.01854678,0.00559805485164832,0.0056161488453,-0.02770764845,-0.00926696395,1.00015867529998,5236.17433638585,10700.5123277278
"alpha1",0.13633595822885,0.13587917,0.0170565259378551,0.016986533676,0.108996181,0.16504884,1.00277012873308,1565.83123694967,4758.9391245031
"phi_R",0.7383839477455,0.739052115,0.0193848395831671,0.018946908939,0.7058794255,0.768886049,1.00080481582184,3561.31130063411,5930.32894041863
"phi_T",0.47473615574,0.47562952,0.0701822661162899,0.068316547488,0.356848316,0.5884205455,1.00410671880014,843.221250660197,1838.01362550543
"beta0",-0.25298493169,-0.25233928,0.0346168775626531,0.033404000994,-0.311018447,-0.1970095415,1.00271607035215,926.091468499897,2002.43005491558
"betaG",0.3293543946675,0.328143755,0.0446531475489145,0.043810733631,0.2575890875,0.404357199,1.00252264197373,1035.61739259623,2326.38542296219
"betaS",-0.0114152437349458,-0.0114355735,0.0182983689792198,0.017775192627255,-0.0413716134,0.018595581,1.00098377421187,2801.97910097711,4609.50911740137
"betaV",0.04037323932006,0.0398380215,0.0101343496751112,0.0101149021008,0.02470152595,0.05767685215,1.00060160497148,1863.44552948654,3337.93134073432
"sigma_y",0.0985285536916,0.0982799695,0.00541049769581855,0.00537394389630001,0.09008546645,0.107781987,1.00430058339309,1055.60023899711,2113.45799512978
"sigma_z",0.0559096847644,0.0559088145,0.00102591467187192,0.0010188197397,0.0542304262,0.0576065048,1.00027601227784,7417.09504185427,10708.0489917052
