year,T.obs,T.mean,T.lo.68CrI,T.hi.68CrI,T.lolo.95CrI,T.hihi.95CrI,type,resid
1002,NA,-0.331215316,-0.43329081,-0.230222053,-0.526714529,-0.134791137,reconstruction,NA
1003,NA,-0.392133802,-0.499548969,-0.28717476,-0.600466194,-0.180746355,reconstruction,NA
1004,NA,-0.510209677,-0.619207108,-0.40024001,-0.726294181,-0.292000832,reconstruction,NA
1005,NA,-0.538496542,-0.647569415,-0.428300252,-0.756615613,-0.320986631,reconstruction,NA
1006,NA,-0.504602603,-0.613028079,-0.398184062,-0.717104647,-0.294562797,reconstruction,NA
1007,NA,-0.467189768,-0.577998494,-0.35502841,-0.686229966,-0.249520762,reconstruction,NA
1008,NA,-0.463532553,-0.576185846,-0.350785718,-0.679906361,-0.244244914,reconstruction,NA
1009,NA,-0.455475465,-0.565647415,-0.344030816,-0.677424803,-0.232614843,reconstruction,NA
1010,NA,-0.458046033,-0.565761652,-0.348864765,-0.675444464,-0.2371163,reconstruction,NA
1011,NA,-0.409447439,-0.522655528,-0.297256442,-0.63293219,-0.188105593,reconstruction,NA
1012,NA,-0.434256102,-0.546044857,-0.322132009,-0.653823905,-0.211803725,reconstruction,NA
1013,NA,-0.453545007,-0.566790868,-0.340712327,-0.675561221,-0.238075097,reconstruction,NA
1014,NA,-0.46884249,-0.580040814,-0.35803321,-0.685587428,-0.249604728,reconstruction,NA
1015,NA,-0.483749526,-0.594810646,-0.374161845,-0.702589737,-0.269413856,reconstruction,NA
1016,NA,-0.500225119,-0.608781732,-0.393204818,-0.716391779,-0.286474247,reconstruction,NA
1017,NA,-0.497526217,-0.606670391,-0.388195931,-0.711545983,-0.285491771,reconstruction,NA
1018,NA,-0.449571946,-0.559138428,-0.3390866,-0.664672489,-0.238713045,reconstruction,NA
1019,NA,-0.462921787,-0.571409001,-0.354483864,-0.680588606,-0.248812939,reconstruction,NA
1020,NA,-0.462082142,-0.57086607,-0.355084147,-0.684565668,-0.24818407,reconstruction,NA
1021,NA,-0.498187083,-0.603781904,-0.390365701,-0.71264038,-0.279099721,reconstruction,NA
1022,NA,-0.502379711,-0.611355907,-0.392771545,-0.714597418,-0.283685765,reconstruction,NA
1023,NA,-0.474245291,-0.585709411,-0.364433824,-0.697281229,-0.258639759,reconstruction,NA
1024,NA,-0.433125544,-0.543644025,-0.323737494,-0.655434345,-0.213275035,reconstruction,NA
1025,NA,-0.436025341,-0.544104957,-0.326016797,-0.650949954,-0.216076649,reconstruction,NA
1026,NA,-0.44105494,-0.551315723,-0.327947408,-0.658554194,-0.216957929,reconstruction,NA
1027,NA,-0.441145761,-0.552908288,-0.329397799,-0.662240539,-0.215315347,reconstruction,NA
1028,NA,-0.435269816,-0.547427812,-0.323247981,-0.651078081,-0.217300985,reconstruction,NA
1029,NA,-0.489412149,-0.606141687,-0.375716242,-0.717465158,-0.265362799,reconstruction,NA
1030,NA,-0.542814106,-0.658355546,-0.428287199,-0.763842644,-0.319208519,reconstruction,NA
1031,NA,-0.534579072,-0.646480221,-0.422888623,-0.749758518,-0.317780217,reconstruction,NA
1032,NA,-0.489354178,-0.601761201,-0.377742941,-0.706524864,-0.273558911,reconstruction,NA
1033,NA,-0.476797918,-0.58918438,-0.365507576,-0.696663715,-0.25214216,reconstruction,NA
1034,NA,-0.447891358,-0.561531476,-0.331002452,-0.671122811,-0.220720088,reconstruction,NA
1035,NA,-0.436792323,-0.549204159,-0.325287665,-0.654837116,-0.216631416,reconstruction,NA
1036,NA,-0.466294105,-0.576967995,-0.35695388,-0.683458236,-0.249132895,reconstruction,NA
1037,NA,-0.412457291,-0.520707383,-0.303747691,-0.625405989,-0.196598717,reconstruction,NA
1038,NA,-0.404491864,-0.517260706,-0.291927615,-0.624384003,-0.18212093,reconstruction,NA
1039,NA,-0.437522506,-0.549018632,-0.325655007,-0.656197089,-0.21626896,reconstruction,NA
1040,NA,-0.427595801,-0.539381743,-0.313559476,-0.649287532,-0.206943438,reconstruction,NA
1041,NA,-0.43070048,-0.540780934,-0.315705201,-0.654791499,-0.206577112,reconstruction,NA
1042,NA,-0.487594256,-0.600056723,-0.37816554,-0.711824144,-0.271478204,reconstruction,NA
1043,NA,-0.479829955,-0.591368972,-0.369348793,-0.707369951,-0.260763941,reconstruction,NA
1044,NA,-0.476353727,-0.584059604,-0.368973154,-0.696560902,-0.262863884,reconstruction,NA
1045,NA,-0.426578223,-0.536080533,-0.315613289,-0.645270933,-0.20819847,reconstruction,NA
1046,NA,-0.419305327,-0.530494028,-0.306124729,-0.643124826,-0.198606325,reconstruction,NA
1047,NA,-0.417473522,-0.528563298,-0.305808716,-0.637129056,-0.202009598,reconstruction,NA
1048,NA,-0.401812729,-0.512764552,-0.289917518,-0.615218058,-0.17953333,reconstruction,NA
1049,NA,-0.394545162,-0.507383064,-0.282836351,-0.61431817,-0.170568797,reconstruction,NA
1050,NA,-0.40392428,-0.515989246,-0.291158252,-0.623667243,-0.184388669,reconstruction,NA
1051,NA,-0.378902988,-0.491788864,-0.266628214,-0.599285836,-0.156519793,reconstruction,NA
1052,NA,-0.395601998,-0.507296702,-0.282164342,-0.618832703,-0.173965331,reconstruction,NA
1053,NA,-0.444911137,-0.555707814,-0.333782522,-0.663122535,-0.227598254,reconstruction,NA
1054,NA,-0.510482427,-0.620891449,-0.397185604,-0.724855418,-0.291309149,reconstruction,NA
1055,NA,-0.467846435,-0.580072423,-0.359279046,-0.687298346,-0.24506055,reconstruction,NA
1056,NA,-0.478771291,-0.587820921,-0.367664524,-0.70572671,-0.263268361,reconstruction,NA
1057,NA,-0.457959481,-0.567620099,-0.348735771,-0.680319893,-0.236830212,reconstruction,NA
1058,NA,-0.438099656,-0.552728152,-0.323664835,-0.66171439,-0.222902292,reconstruction,NA
1059,NA,-0.438670565,-0.550664671,-0.325932654,-0.660761642,-0.215836008,reconstruction,NA
1060,NA,-0.44513245,-0.556182076,-0.333882545,-0.669400896,-0.227789406,reconstruction,NA
1061,NA,-0.397745996,-0.507978896,-0.285493237,-0.626136087,-0.178751183,reconstruction,NA
1062,NA,-0.388870647,-0.502710792,-0.277320165,-0.611694808,-0.167092791,reconstruction,NA
1063,NA,-0.4139418,-0.523224077,-0.30302387,-0.633038513,-0.197191709,reconstruction,NA
1064,NA,-0.449149004,-0.557494906,-0.340762284,-0.671367452,-0.233478666,reconstruction,NA
1065,NA,-0.46691465,-0.575507985,-0.356822605,-0.68473099,-0.251352087,reconstruction,NA
1066,NA,-0.474159131,-0.585664533,-0.363379696,-0.688441399,-0.253836566,reconstruction,NA
1067,NA,-0.473639311,-0.584255802,-0.366243532,-0.694415092,-0.257016852,reconstruction,NA
1068,NA,-0.478438798,-0.588559537,-0.36794461,-0.698720756,-0.2573619,reconstruction,NA
1069,NA,-0.480560299,-0.593763695,-0.371257198,-0.703505072,-0.261362747,reconstruction,NA
1070,NA,-0.46380096,-0.572642767,-0.3547168,-0.68375361,-0.245861745,reconstruction,NA
1071,NA,-0.436884349,-0.548090114,-0.326596505,-0.656714662,-0.225258902,reconstruction,NA
1072,NA,-0.444544361,-0.552919544,-0.332333897,-0.659857293,-0.229580265,reconstruction,NA
1073,NA,-0.41859059,-0.52867236,-0.309535258,-0.636046986,-0.199046975,reconstruction,NA
1074,NA,-0.431190835,-0.542915086,-0.320949798,-0.643146905,-0.217998542,reconstruction,NA
1075,NA,-0.467165862,-0.576976533,-0.359608114,-0.684045583,-0.254107333,reconstruction,NA
1076,NA,-0.478749987,-0.588153579,-0.367340543,-0.694462753,-0.261604348,reconstruction,NA
1077,NA,-0.456916427,-0.565876796,-0.347482086,-0.679724648,-0.240267453,reconstruction,NA
1078,NA,-0.421663316,-0.53173016,-0.313975865,-0.638509777,-0.205498946,reconstruction,NA
1079,NA,-0.428537522,-0.540949612,-0.317873439,-0.648649231,-0.206238177,reconstruction,NA
1080,NA,-0.398701094,-0.508853551,-0.287379298,-0.615251518,-0.181419047,reconstruction,NA
1081,NA,-0.402935162,-0.509759614,-0.29055096,-0.622788772,-0.182125724,reconstruction,NA
1082,NA,-0.428736667,-0.53819816,-0.319744628,-0.651342241,-0.212691734,reconstruction,NA
1083,NA,-0.43895687,-0.547415046,-0.325618759,-0.666129729,-0.219566589,reconstruction,NA
1084,NA,-0.420925443,-0.529166511,-0.310044457,-0.63793293,-0.202727603,reconstruction,NA
1085,NA,-0.383922947,-0.4946961,-0.2752937,-0.599381391,-0.168063395,reconstruction,NA
1086,NA,-0.370884348,-0.481077681,-0.256586015,-0.596114686,-0.155689013,reconstruction,NA
1087,NA,-0.348167821,-0.461192987,-0.2362505,-0.573153252,-0.127491002,reconstruction,NA
1088,NA,-0.367514728,-0.476106274,-0.258726272,-0.586187074,-0.146340118,reconstruction,NA
1089,NA,-0.408043793,-0.520763963,-0.29653413,-0.628507802,-0.182353713,reconstruction,NA
1090,NA,-0.424350213,-0.534419042,-0.314274748,-0.645085154,-0.205835899,reconstruction,NA
1091,NA,-0.447137683,-0.555430096,-0.339528658,-0.665526091,-0.231702726,reconstruction,NA
1092,NA,-0.426458865,-0.533243738,-0.319504092,-0.644881857,-0.209685204,reconstruction,NA
1093,NA,-0.434666938,-0.543231604,-0.325502644,-0.649933389,-0.222027867,reconstruction,NA
1094,NA,-0.451819029,-0.561556631,-0.343393175,-0.665653144,-0.2298293,reconstruction,NA
1095,NA,-0.454436989,-0.563455117,-0.345760682,-0.667879107,-0.242720288,reconstruction,NA
1096,NA,-0.471049857,-0.579132089,-0.365165668,-0.687025758,-0.256557155,reconstruction,NA
1097,NA,-0.433733753,-0.54322413,-0.325415519,-0.656331342,-0.216400496,reconstruction,NA
1098,NA,-0.416711301,-0.528128483,-0.308842779,-0.633167148,-0.202878366,reconstruction,NA
1099,NA,-0.4794455,-0.588023092,-0.367953911,-0.701690688,-0.265002706,reconstruction,NA
1100,NA,-0.46800678,-0.578361773,-0.355985047,-0.694234626,-0.247093314,reconstruction,NA
1101,NA,-0.472063769,-0.581284366,-0.360323423,-0.69152343,-0.255097686,reconstruction,NA
1102,NA,-0.47022783,-0.581658301,-0.3597979,-0.688124285,-0.249325618,reconstruction,NA
1103,NA,-0.491279454,-0.601143218,-0.380658257,-0.712435442,-0.271807399,reconstruction,NA
1104,NA,-0.513919259,-0.628487778,-0.401801091,-0.738061906,-0.296896775,reconstruction,NA
1105,NA,-0.504093185,-0.616094018,-0.392662388,-0.727943467,-0.288175387,reconstruction,NA
1106,NA,-0.473828682,-0.583176338,-0.36355102,-0.690821086,-0.256155156,reconstruction,NA
1107,NA,-0.477951902,-0.58537954,-0.369095774,-0.697573663,-0.261917241,reconstruction,NA
1108,NA,-0.482968754,-0.592613,-0.374274394,-0.703540419,-0.266331862,reconstruction,NA
1109,NA,-0.501126916,-0.609092952,-0.392409207,-0.718364101,-0.286231772,reconstruction,NA
1110,NA,-0.662132098,-0.776213232,-0.549611358,-0.895049726,-0.436931256,reconstruction,NA
1111,NA,-0.630740072,-0.74320608,-0.520733207,-0.858920767,-0.407926993,reconstruction,NA
1112,NA,-0.579999655,-0.695898397,-0.465358302,-0.808504202,-0.351910713,reconstruction,NA
1113,NA,-0.524459473,-0.634093255,-0.411534963,-0.746663495,-0.308850229,reconstruction,NA
1114,NA,-0.482293573,-0.592041917,-0.371768144,-0.703054594,-0.269806275,reconstruction,NA
1115,NA,-0.4894835,-0.596075484,-0.379156705,-0.703385489,-0.279134861,reconstruction,NA
1116,NA,-0.508043042,-0.616477636,-0.401208458,-0.728800043,-0.294321859,reconstruction,NA
1117,NA,-0.507897685,-0.618120772,-0.40020115,-0.729106685,-0.29247205,reconstruction,NA
1118,NA,-0.510166646,-0.619991534,-0.400566,-0.729670207,-0.29009956,reconstruction,NA
1119,NA,-0.49303805,-0.601079758,-0.381190597,-0.712721339,-0.279415821,reconstruction,NA
1120,NA,-0.489433427,-0.598209976,-0.379854163,-0.71381635,-0.270009221,reconstruction,NA
1121,NA,-0.483698364,-0.593227744,-0.371542926,-0.716871734,-0.26984323,reconstruction,NA
1122,NA,-0.500551232,-0.608173477,-0.39043008,-0.723094309,-0.282822614,reconstruction,NA
1123,NA,-0.422226668,-0.529943102,-0.314724423,-0.639114729,-0.205491941,reconstruction,NA
1124,NA,-0.40105905,-0.510395867,-0.290472402,-0.618091735,-0.184970547,reconstruction,NA
1125,NA,-0.435354108,-0.543344474,-0.328273614,-0.654463976,-0.222353713,reconstruction,NA
1126,NA,-0.459958088,-0.569192481,-0.351698863,-0.683009174,-0.24314405,reconstruction,NA
1127,NA,-0.503771815,-0.615244749,-0.391478666,-0.727782672,-0.287042943,reconstruction,NA
1128,NA,-0.605031038,-0.714030173,-0.494684752,-0.821766434,-0.388659864,reconstruction,NA
1129,NA,-0.565023291,-0.675702992,-0.45437518,-0.784605063,-0.350047756,reconstruction,NA
1130,NA,-0.532955497,-0.641722801,-0.423105726,-0.7558196,-0.32048647,reconstruction,NA
1131,NA,-0.51222081,-0.620292371,-0.402742362,-0.732712029,-0.297157782,reconstruction,NA
1132,NA,-0.468573816,-0.577064021,-0.356464889,-0.693037652,-0.260596125,reconstruction,NA
1133,NA,-0.455996216,-0.56341432,-0.347225436,-0.67454938,-0.246821067,reconstruction,NA
1134,NA,-0.439258676,-0.550647542,-0.330655412,-0.657883004,-0.226685365,reconstruction,NA
1135,NA,-0.418627351,-0.526455962,-0.310551834,-0.64133529,-0.200204539,reconstruction,NA
1136,NA,-0.423078607,-0.532479448,-0.3119601,-0.639597552,-0.214698099,reconstruction,NA
1137,NA,-0.453563555,-0.561368316,-0.347234951,-0.675171748,-0.240938609,reconstruction,NA
1138,NA,-0.464013518,-0.579273264,-0.35424379,-0.684007452,-0.250308524,reconstruction,NA
1139,NA,-0.485123598,-0.594138406,-0.376170328,-0.704089614,-0.267734365,reconstruction,NA
1140,NA,-0.478206569,-0.586569429,-0.370600256,-0.698818145,-0.267246728,reconstruction,NA
1141,NA,-0.496838253,-0.60692779,-0.387894326,-0.70785861,-0.278390035,reconstruction,NA
1142,NA,-0.466415073,-0.578699022,-0.356218318,-0.688371634,-0.248476436,reconstruction,NA
1143,NA,-0.47149685,-0.581833166,-0.359497634,-0.694099824,-0.253106039,reconstruction,NA
1144,NA,-0.492165424,-0.599023991,-0.382676829,-0.71187909,-0.274464001,reconstruction,NA
1145,NA,-0.529574501,-0.639620652,-0.419176444,-0.746944363,-0.31373943,reconstruction,NA
1146,NA,-0.491820179,-0.604420029,-0.380644948,-0.71294208,-0.269148511,reconstruction,NA
1147,NA,-0.461372812,-0.569868315,-0.349985586,-0.683633702,-0.249146418,reconstruction,NA
1148,NA,-0.449306694,-0.559301499,-0.339097921,-0.672578149,-0.22635702,reconstruction,NA
1149,NA,-0.41129631,-0.521330816,-0.302965969,-0.627716017,-0.1944464,reconstruction,NA
1150,NA,-0.400011094,-0.509120406,-0.288979666,-0.615306498,-0.182808728,reconstruction,NA
1151,NA,-0.418052845,-0.530011321,-0.308952899,-0.638773393,-0.198280201,reconstruction,NA
1152,NA,-0.449361544,-0.560930774,-0.33771507,-0.670361932,-0.228455207,reconstruction,NA
1153,NA,-0.376305859,-0.4884648,-0.265234282,-0.597681431,-0.159403142,reconstruction,NA
1154,NA,-0.38247995,-0.493632454,-0.272441826,-0.604633737,-0.156081339,reconstruction,NA
1155,NA,-0.388640452,-0.502087097,-0.279940474,-0.610540668,-0.164427524,reconstruction,NA
1156,NA,-0.383337319,-0.493677351,-0.27277944,-0.600207198,-0.164272922,reconstruction,NA
1157,NA,-0.411706379,-0.522001129,-0.300931359,-0.634956324,-0.186640482,reconstruction,NA
1158,NA,-0.40738509,-0.517681908,-0.298145604,-0.620027525,-0.187482245,reconstruction,NA
1159,NA,-0.385507828,-0.497665032,-0.274540386,-0.596900291,-0.166182783,reconstruction,NA
1160,NA,-0.332809998,-0.445558842,-0.219612862,-0.555798468,-0.113645424,reconstruction,NA
1161,NA,-0.332634972,-0.447094682,-0.216509,-0.559561181,-0.108041827,reconstruction,NA
1162,NA,-0.341572796,-0.454228684,-0.229299562,-0.563718912,-0.119505527,reconstruction,NA
1163,NA,-0.383224723,-0.494192874,-0.271811244,-0.602865679,-0.160447357,reconstruction,NA
1164,NA,-0.417903276,-0.527347811,-0.307583092,-0.631615621,-0.200861352,reconstruction,NA
1165,NA,-0.408818818,-0.519587344,-0.301493406,-0.628480039,-0.191364135,reconstruction,NA
1166,NA,-0.390496129,-0.497606585,-0.283872976,-0.610117722,-0.175739523,reconstruction,NA
1167,NA,-0.404227625,-0.512211653,-0.297396454,-0.620559476,-0.193324073,reconstruction,NA
1168,NA,-0.377734341,-0.487160606,-0.269868784,-0.595456023,-0.165814768,reconstruction,NA
1169,NA,-0.386736022,-0.495791033,-0.276459361,-0.6021169,-0.173128988,reconstruction,NA
1170,NA,-0.394346486,-0.503751438,-0.28647041,-0.609611318,-0.175739901,reconstruction,NA
1171,NA,-0.378771472,-0.487924619,-0.269654802,-0.599998515,-0.165362934,reconstruction,NA
1172,NA,-0.562089061,-0.677624054,-0.444410329,-0.79331582,-0.327852625,reconstruction,NA
1173,NA,-0.562573806,-0.684428898,-0.444144318,-0.802426244,-0.326226851,reconstruction,NA
1174,NA,-0.539484209,-0.654341337,-0.422373469,-0.770759533,-0.319012565,reconstruction,NA
1175,NA,-0.499622259,-0.609755125,-0.385152712,-0.726895868,-0.282898771,reconstruction,NA
1176,NA,-0.47470369,-0.584855986,-0.364929546,-0.695392864,-0.255592711,reconstruction,NA
1177,NA,-0.437507921,-0.544085755,-0.329159385,-0.65332325,-0.229887485,reconstruction,NA
1178,NA,-0.411614293,-0.518719368,-0.303707319,-0.624369452,-0.200413311,reconstruction,NA
1179,NA,-0.412808925,-0.519130195,-0.305090493,-0.630256617,-0.198108689,reconstruction,NA
1180,NA,-0.42576827,-0.534031555,-0.31676559,-0.641709191,-0.213179493,reconstruction,NA
1181,NA,-0.396738852,-0.506162936,-0.289837466,-0.615393393,-0.186595431,reconstruction,NA
1182,NA,-0.443475569,-0.549400865,-0.335374721,-0.658538366,-0.23160927,reconstruction,NA
1183,NA,-0.53579686,-0.648698918,-0.42246859,-0.763755455,-0.313989396,reconstruction,NA
1184,NA,-0.515164771,-0.628654278,-0.401326942,-0.745764204,-0.284242086,reconstruction,NA
1185,NA,-0.493407917,-0.605515244,-0.381992656,-0.716079646,-0.272220533,reconstruction,NA
1186,NA,-0.428646453,-0.537041591,-0.32010462,-0.648515971,-0.207829649,reconstruction,NA
1187,NA,-0.412259982,-0.522328184,-0.30199226,-0.629125782,-0.199633287,reconstruction,NA
1188,NA,-0.409854899,-0.519863662,-0.300157738,-0.630109528,-0.198718175,reconstruction,NA
1189,NA,-0.415610072,-0.526207633,-0.305147548,-0.642849637,-0.201433674,reconstruction,NA
1190,NA,-0.463141249,-0.575055284,-0.351683673,-0.683459573,-0.245821707,reconstruction,NA
1191,NA,-0.423449624,-0.531662866,-0.314211636,-0.636247507,-0.206274483,reconstruction,NA
1192,NA,-0.551878069,-0.664603946,-0.441908978,-0.769641105,-0.344686228,reconstruction,NA
1193,NA,-0.551047548,-0.663611762,-0.442186203,-0.770819565,-0.340509502,reconstruction,NA
1194,NA,-0.472381473,-0.584606574,-0.359594658,-0.692380377,-0.256847695,reconstruction,NA
1195,NA,-0.469762228,-0.577582595,-0.360614783,-0.684170816,-0.254606108,reconstruction,NA
1196,NA,-0.454412006,-0.563623396,-0.343747691,-0.670103262,-0.232090907,reconstruction,NA
1197,NA,-0.508050783,-0.617791746,-0.398654742,-0.728239162,-0.290972356,reconstruction,NA
1198,NA,-0.510238299,-0.620554724,-0.403633932,-0.726777547,-0.297569992,reconstruction,NA
1199,NA,-0.445530993,-0.555044056,-0.335695832,-0.66425085,-0.224917512,reconstruction,NA
1200,NA,-0.430439906,-0.539929178,-0.319659244,-0.653806581,-0.215298859,reconstruction,NA
1201,NA,-0.502877074,-0.613435368,-0.392927724,-0.719788357,-0.286318657,reconstruction,NA
1202,NA,-0.518403355,-0.627008274,-0.409317524,-0.736732535,-0.298100859,reconstruction,NA
1203,NA,-0.471837938,-0.58058957,-0.361845172,-0.691837693,-0.255520468,reconstruction,NA
1204,NA,-0.436235121,-0.543814584,-0.328598056,-0.653991662,-0.220089797,reconstruction,NA
1205,NA,-0.503337574,-0.613095114,-0.395023356,-0.72958234,-0.28862784,reconstruction,NA
1206,NA,-0.473447341,-0.58298702,-0.364510768,-0.689060237,-0.25996048,reconstruction,NA
1207,NA,-0.489258937,-0.598245992,-0.380695338,-0.702730156,-0.277934006,reconstruction,NA
1208,NA,-0.477032823,-0.586228255,-0.367978959,-0.692265838,-0.266930205,reconstruction,NA
1209,NA,-0.447272377,-0.556726047,-0.33661137,-0.662618866,-0.233272725,reconstruction,NA
1210,NA,-0.460341841,-0.568725566,-0.353249778,-0.677285883,-0.246766418,reconstruction,NA
1211,NA,-0.531959563,-0.639472156,-0.423514063,-0.75158951,-0.315457858,reconstruction,NA
1212,NA,-0.52153287,-0.631177847,-0.410231538,-0.745884033,-0.302035663,reconstruction,NA
1213,NA,-0.512170613,-0.623175234,-0.402014473,-0.738603344,-0.296709266,reconstruction,NA
1214,NA,-0.518439752,-0.628427217,-0.409043484,-0.734560134,-0.299798829,reconstruction,NA
1215,NA,-0.522013768,-0.631352167,-0.411572725,-0.74071862,-0.301277853,reconstruction,NA
1216,NA,-0.504752966,-0.61474161,-0.395897401,-0.719661624,-0.282192753,reconstruction,NA
1217,NA,-0.484259633,-0.595987553,-0.374128688,-0.70630679,-0.265437923,reconstruction,NA
1218,NA,-0.473388845,-0.58383016,-0.361310198,-0.698918463,-0.257871455,reconstruction,NA
1219,NA,-0.452832998,-0.56146312,-0.34228534,-0.66789298,-0.233481576,reconstruction,NA
1220,NA,-0.452887283,-0.564572488,-0.34258167,-0.675282552,-0.235489975,reconstruction,NA
1221,NA,-0.432553057,-0.540104988,-0.322186751,-0.656812433,-0.219302273,reconstruction,NA
1222,NA,-0.406727499,-0.514197385,-0.298599498,-0.624036665,-0.191377818,reconstruction,NA
1223,NA,-0.437581579,-0.548171907,-0.327270016,-0.654868614,-0.220184938,reconstruction,NA
1224,NA,-0.466923195,-0.573728914,-0.359860872,-0.683579968,-0.252887041,reconstruction,NA
1225,NA,-0.48527278,-0.594473795,-0.37653863,-0.706422783,-0.268288024,reconstruction,NA
1226,NA,-0.492052065,-0.601692048,-0.380390462,-0.709210635,-0.27673364,reconstruction,NA
1227,NA,-0.514523115,-0.628404648,-0.402255228,-0.732158469,-0.29279457,reconstruction,NA
1228,NA,-0.497826665,-0.610863267,-0.387964932,-0.719959817,-0.285415559,reconstruction,NA
1229,NA,-0.491038894,-0.601241842,-0.377860512,-0.715359357,-0.277159659,reconstruction,NA
1230,NA,-0.443753985,-0.554232178,-0.333683671,-0.658231811,-0.227872882,reconstruction,NA
1231,NA,-0.661484168,-0.781380742,-0.54520693,-0.907407308,-0.428310091,reconstruction,NA
1232,NA,-0.660346064,-0.786357234,-0.535208034,-0.92346314,-0.41909641,reconstruction,NA
1233,NA,-0.605802531,-0.722350771,-0.488045736,-0.83883564,-0.379160777,reconstruction,NA
1234,NA,-0.538626478,-0.652813256,-0.424273963,-0.768874488,-0.308025965,reconstruction,NA
1235,NA,-0.525095797,-0.633911156,-0.414309496,-0.743672766,-0.30278206,reconstruction,NA
1236,NA,-0.511389485,-0.62356779,-0.399115437,-0.734160704,-0.293372842,reconstruction,NA
1237,NA,-0.506724435,-0.618222269,-0.396121169,-0.71766826,-0.295686751,reconstruction,NA
1238,NA,-0.495544918,-0.602470976,-0.385296672,-0.712881091,-0.2834884,reconstruction,NA
1239,NA,-0.471360705,-0.580308676,-0.362803568,-0.691147262,-0.25963229,reconstruction,NA
1240,NA,-0.458969122,-0.569071756,-0.346189766,-0.683987176,-0.242763768,reconstruction,NA
1241,NA,-0.430826641,-0.536732886,-0.325036097,-0.641136579,-0.212046014,reconstruction,NA
1242,NA,-0.402421479,-0.510966086,-0.293327764,-0.619116608,-0.188708996,reconstruction,NA
1243,NA,-0.416108306,-0.525916341,-0.306605226,-0.635702749,-0.201805976,reconstruction,NA
1244,NA,-0.429692226,-0.538866373,-0.318312406,-0.656245884,-0.208842745,reconstruction,NA
1245,NA,-0.439935126,-0.550007924,-0.327328587,-0.65189035,-0.225002817,reconstruction,NA
1246,NA,-0.436477869,-0.545475497,-0.327232118,-0.642421921,-0.224065195,reconstruction,NA
1247,NA,-0.461314872,-0.572830038,-0.355222098,-0.677926808,-0.255320061,reconstruction,NA
1248,NA,-0.450846316,-0.55832026,-0.344527883,-0.669788045,-0.235494896,reconstruction,NA
1249,NA,-0.449114918,-0.556179751,-0.340100231,-0.667179599,-0.238183902,reconstruction,NA
1250,NA,-0.474398107,-0.583386316,-0.364155627,-0.687956188,-0.258065092,reconstruction,NA
1251,NA,-0.478610553,-0.58534917,-0.370236718,-0.693499293,-0.263951099,reconstruction,NA
1252,NA,-0.446343987,-0.552838152,-0.338322904,-0.659965908,-0.230541267,reconstruction,NA
1253,NA,-0.428208867,-0.53489973,-0.32081625,-0.646064841,-0.214495953,reconstruction,NA
1254,NA,-0.422189957,-0.53088224,-0.311818411,-0.640359334,-0.20533472,reconstruction,NA
1255,NA,-0.435662606,-0.543669629,-0.327110628,-0.643125755,-0.221813599,reconstruction,NA
1256,NA,-0.433636252,-0.538678001,-0.325356346,-0.648109835,-0.224899043,reconstruction,NA
1257,NA,-0.455134359,-0.56341841,-0.34764798,-0.665914692,-0.241357497,reconstruction,NA
1258,NA,-0.598707557,-0.713626335,-0.482867547,-0.832541347,-0.369353937,reconstruction,NA
1259,NA,-0.878277246,-1.033947592,-0.718589763,-1.194429875,-0.573685501,reconstruction,NA
1260,NA,-0.826520366,-0.97735997,-0.676498909,-1.135991823,-0.543276454,reconstruction,NA
1261,NA,-0.703901955,-0.837123431,-0.569553064,-0.975911943,-0.446516153,reconstruction,NA
1262,NA,-0.60461608,-0.726374702,-0.48437916,-0.85134026,-0.369535565,reconstruction,NA
1263,NA,-0.554492401,-0.671338033,-0.43924321,-0.782138686,-0.327449352,reconstruction,NA
1264,NA,-0.529654067,-0.642809061,-0.415643378,-0.762372997,-0.310521101,reconstruction,NA
1265,NA,-0.480808483,-0.591714202,-0.368829589,-0.702911853,-0.264256732,reconstruction,NA
1266,NA,-0.470471332,-0.580687936,-0.358796266,-0.693688953,-0.2555271,reconstruction,NA
1267,NA,-0.463959088,-0.572350471,-0.354993424,-0.684902435,-0.248917237,reconstruction,NA
1268,NA,-0.463902173,-0.571265938,-0.353537387,-0.68146386,-0.252579098,reconstruction,NA
1269,NA,-0.446273554,-0.555897885,-0.334805245,-0.663399767,-0.234270637,reconstruction,NA
1270,NA,-0.461291396,-0.56984835,-0.351261143,-0.681298717,-0.245102643,reconstruction,NA
1271,NA,-0.462352391,-0.574116932,-0.35345688,-0.678058431,-0.248300537,reconstruction,NA
1272,NA,-0.443213001,-0.555693296,-0.330893259,-0.663314051,-0.227736853,reconstruction,NA
1273,NA,-0.448386633,-0.557793772,-0.337774664,-0.666920041,-0.235382694,reconstruction,NA
1274,NA,-0.452412359,-0.565011634,-0.340753049,-0.670726561,-0.233931266,reconstruction,NA
1275,NA,-0.452651487,-0.562741648,-0.342334491,-0.670919774,-0.241297666,reconstruction,NA
1276,NA,-0.445715413,-0.55652241,-0.336223774,-0.659768108,-0.233874794,reconstruction,NA
1277,NA,-0.585554644,-0.702151908,-0.471912989,-0.810190343,-0.364813735,reconstruction,NA
1278,NA,-0.632624232,-0.747729224,-0.514895097,-0.864003361,-0.413313863,reconstruction,NA
1279,NA,-0.610447638,-0.722475542,-0.500304518,-0.842676413,-0.394208709,reconstruction,NA
1280,NA,-0.490663878,-0.603780433,-0.378818949,-0.716769526,-0.277649245,reconstruction,NA
1281,NA,-0.46271048,-0.573937171,-0.349775642,-0.687242593,-0.243596251,reconstruction,NA
1282,NA,-0.46439298,-0.570939028,-0.355591847,-0.680995508,-0.249786626,reconstruction,NA
1283,NA,-0.435146684,-0.54207115,-0.329985891,-0.652851444,-0.22217807,reconstruction,NA
1284,NA,-0.435043692,-0.544186462,-0.325629786,-0.649855337,-0.221018569,reconstruction,NA
1285,NA,-0.433198299,-0.54186977,-0.32367436,-0.646959161,-0.223027974,reconstruction,NA
1286,NA,-0.405592981,-0.518435318,-0.294686152,-0.629315979,-0.185510921,reconstruction,NA
1287,NA,-0.538242974,-0.65472002,-0.422764443,-0.768823352,-0.310449409,reconstruction,NA
1288,NA,-0.599535711,-0.720955928,-0.4800014,-0.841167307,-0.363865407,reconstruction,NA
1289,NA,-0.573506405,-0.689988491,-0.457534932,-0.808423827,-0.348280825,reconstruction,NA
1290,NA,-0.501081677,-0.61652138,-0.386433774,-0.732290631,-0.277165896,reconstruction,NA
1291,NA,-0.490129469,-0.602078362,-0.380817663,-0.714424861,-0.272125728,reconstruction,NA
1292,NA,-0.487831444,-0.60032995,-0.37676022,-0.715007289,-0.268031736,reconstruction,NA
1293,NA,-0.463116941,-0.574920102,-0.34833978,-0.689395037,-0.248161416,reconstruction,NA
1294,NA,-0.472466792,-0.5857458,-0.358555357,-0.687361494,-0.255754757,reconstruction,NA
1295,NA,-0.460179839,-0.573373093,-0.346471927,-0.684391975,-0.24210717,reconstruction,NA
1296,NA,-0.443060325,-0.558141815,-0.330802649,-0.66650813,-0.214333337,reconstruction,NA
1297,NA,-0.455998406,-0.568045611,-0.343174408,-0.682556326,-0.232092681,reconstruction,NA
1298,NA,-0.474885496,-0.585086232,-0.364425981,-0.698441083,-0.257425257,reconstruction,NA
1299,NA,-0.436560176,-0.548892209,-0.323774183,-0.660384858,-0.211941269,reconstruction,NA
1300,NA,-0.467438868,-0.582641503,-0.354338327,-0.688069122,-0.245145068,reconstruction,NA
1301,NA,-0.454221345,-0.571650206,-0.339441558,-0.682465203,-0.230166359,reconstruction,NA
1302,NA,-0.439910741,-0.554063337,-0.328635752,-0.660608956,-0.222710098,reconstruction,NA
1303,NA,-0.451274746,-0.563423879,-0.340640105,-0.670897635,-0.231337861,reconstruction,NA
1304,NA,-0.426360587,-0.538372828,-0.31507569,-0.654237646,-0.208065279,reconstruction,NA
1305,NA,-0.393181235,-0.506049479,-0.279285861,-0.623150237,-0.175652373,reconstruction,NA
1306,NA,-0.396701337,-0.510464011,-0.283370714,-0.626879415,-0.17454051,reconstruction,NA
1307,NA,-0.399169637,-0.509804641,-0.285618106,-0.621577897,-0.179026536,reconstruction,NA
1308,NA,-0.416947324,-0.531089724,-0.303543246,-0.636825128,-0.200589887,reconstruction,NA
1309,NA,-0.421077941,-0.532255071,-0.308711336,-0.646795372,-0.196425005,reconstruction,NA
1310,NA,-0.416161582,-0.52777142,-0.302895896,-0.635023556,-0.188810565,reconstruction,NA
1311,NA,-0.411916351,-0.524046182,-0.300660754,-0.633126467,-0.191800996,reconstruction,NA
1312,NA,-0.406149009,-0.51679171,-0.295025851,-0.63228772,-0.186962062,reconstruction,NA
1313,NA,-0.43316799,-0.546249561,-0.322117125,-0.65575799,-0.214998572,reconstruction,NA
1314,NA,-0.443221316,-0.556633242,-0.330966526,-0.668535202,-0.215928208,reconstruction,NA
1315,NA,-0.447076051,-0.55963041,-0.333270014,-0.667138648,-0.225025759,reconstruction,NA
1316,NA,-0.441998148,-0.553828344,-0.328446048,-0.66813652,-0.218426662,reconstruction,NA
1317,NA,-0.434144176,-0.54696645,-0.323733087,-0.65330067,-0.214825955,reconstruction,NA
1318,NA,-0.442835594,-0.554490873,-0.330368715,-0.667443603,-0.218199814,reconstruction,NA
1319,NA,-0.44136104,-0.555136792,-0.325862722,-0.667957569,-0.22162838,reconstruction,NA
1320,NA,-0.433943906,-0.54554273,-0.323981909,-0.659024508,-0.207775453,reconstruction,NA
1321,NA,-0.431090575,-0.543514547,-0.317831465,-0.649536883,-0.20996974,reconstruction,NA
1322,NA,-0.429278488,-0.541826884,-0.316306168,-0.653957738,-0.201760059,reconstruction,NA
1323,NA,-0.413584117,-0.53004271,-0.299947474,-0.631254626,-0.184544891,reconstruction,NA
1324,NA,-0.403144597,-0.515129491,-0.290355888,-0.632999646,-0.179175625,reconstruction,NA
1325,NA,-0.3826251,-0.496629244,-0.268617823,-0.605862636,-0.158208197,reconstruction,NA
1326,NA,-0.402705558,-0.514642376,-0.290100442,-0.620653779,-0.182544645,reconstruction,NA
1327,NA,-0.413959313,-0.524225274,-0.30335876,-0.635180967,-0.190628155,reconstruction,NA
1328,NA,-0.396088516,-0.508685597,-0.28313221,-0.616546949,-0.175560734,reconstruction,NA
1329,NA,-0.423975711,-0.535420066,-0.312196364,-0.651245042,-0.202324695,reconstruction,NA
1330,NA,-0.501826685,-0.613879871,-0.386712844,-0.724038769,-0.281756235,reconstruction,NA
1331,NA,-0.549116819,-0.662384027,-0.437626393,-0.770520777,-0.327174025,reconstruction,NA
1332,NA,-0.558922788,-0.669879533,-0.447146921,-0.785305364,-0.342013263,reconstruction,NA
1333,NA,-0.578303884,-0.690832388,-0.468866547,-0.799917173,-0.366899128,reconstruction,NA
1334,NA,-0.560487872,-0.671625994,-0.449438558,-0.783818768,-0.341616086,reconstruction,NA
1335,NA,-0.507502375,-0.620414323,-0.395022819,-0.733913361,-0.285380884,reconstruction,NA
1336,NA,-0.504797576,-0.614378167,-0.392606557,-0.728953403,-0.283951088,reconstruction,NA
1337,NA,-0.525211893,-0.633902723,-0.413623976,-0.74165506,-0.310565899,reconstruction,NA
1338,NA,-0.513990416,-0.624865687,-0.402033505,-0.735387688,-0.29266446,reconstruction,NA
1339,NA,-0.492120427,-0.604444724,-0.380008619,-0.712381323,-0.270553351,reconstruction,NA
1340,NA,-0.459568875,-0.571642964,-0.350642544,-0.679063408,-0.243154741,reconstruction,NA
1341,NA,-0.470666148,-0.578531453,-0.362957555,-0.691262507,-0.25018838,reconstruction,NA
1342,NA,-0.523622901,-0.634299653,-0.415255438,-0.736617686,-0.305587363,reconstruction,NA
1343,NA,-0.510854903,-0.621145687,-0.399884994,-0.728752153,-0.294782157,reconstruction,NA
1344,NA,-0.498856338,-0.607781128,-0.38868915,-0.717803423,-0.28388459,reconstruction,NA
1345,NA,-0.507640291,-0.615242257,-0.397931153,-0.726435673,-0.294340063,reconstruction,NA
1346,NA,-0.659537686,-0.77232423,-0.546025236,-0.886771138,-0.434109821,reconstruction,NA
1347,NA,-0.730960228,-0.848317705,-0.615305626,-0.964229588,-0.504182093,reconstruction,NA
1348,NA,-0.684019724,-0.799748578,-0.56724628,-0.912671635,-0.466349229,reconstruction,NA
1349,NA,-0.64034437,-0.752536903,-0.526785099,-0.86719876,-0.417535646,reconstruction,NA
1350,NA,-0.611779011,-0.726925281,-0.498906791,-0.836003168,-0.387637139,reconstruction,NA
1351,NA,-0.575692854,-0.686467006,-0.46394456,-0.798359036,-0.358311332,reconstruction,NA
1352,NA,-0.525558508,-0.635213194,-0.417401867,-0.749334178,-0.309594774,reconstruction,NA
1353,NA,-0.52836293,-0.637413388,-0.417743537,-0.748390819,-0.313206967,reconstruction,NA
1354,NA,-0.518681888,-0.628531255,-0.408619052,-0.738170644,-0.299460452,reconstruction,NA
1355,NA,-0.492304193,-0.601263409,-0.380820056,-0.713783443,-0.275201147,reconstruction,NA
1356,NA,-0.518767777,-0.628444977,-0.412239911,-0.733251773,-0.308030232,reconstruction,NA
1357,NA,-0.514612065,-0.621277428,-0.404938972,-0.734420661,-0.304537143,reconstruction,NA
1358,NA,-0.5292708,-0.639942384,-0.417895443,-0.747386964,-0.308892056,reconstruction,NA
1359,NA,-0.535231578,-0.648405767,-0.424632466,-0.751865994,-0.323835055,reconstruction,NA
1360,NA,-0.528490345,-0.637333135,-0.417695783,-0.748156475,-0.31560259,reconstruction,NA
1361,NA,-0.546233207,-0.654841171,-0.43600164,-0.768430413,-0.336787514,reconstruction,NA
1362,NA,-0.519391417,-0.629460258,-0.408719085,-0.744234136,-0.303678645,reconstruction,NA
1363,NA,-0.510162518,-0.620530039,-0.398964496,-0.726159603,-0.290875632,reconstruction,NA
1364,NA,-0.501268821,-0.608408153,-0.389188916,-0.714607545,-0.286124559,reconstruction,NA
1365,NA,-0.473439548,-0.583691908,-0.36378386,-0.691378317,-0.26126473,reconstruction,NA
1366,NA,-0.471106555,-0.582977636,-0.361467025,-0.68796647,-0.258641822,reconstruction,NA
1367,NA,-0.483861205,-0.590833469,-0.37713243,-0.700717491,-0.275622166,reconstruction,NA
1368,NA,-0.503249044,-0.610342602,-0.39520335,-0.720411956,-0.287643293,reconstruction,NA
1369,NA,-0.508059312,-0.619714398,-0.395110051,-0.72346843,-0.29063098,reconstruction,NA
1370,NA,-0.539629053,-0.651820872,-0.426098116,-0.763435744,-0.317516144,reconstruction,NA
1371,NA,-0.48198658,-0.593426432,-0.369118408,-0.705959781,-0.266563201,reconstruction,NA
1372,NA,-0.438340079,-0.547875967,-0.328600896,-0.6549792,-0.218727857,reconstruction,NA
1373,NA,-0.454737374,-0.564106861,-0.345517631,-0.666809005,-0.235333896,reconstruction,NA
1374,NA,-0.478914177,-0.587963092,-0.371471452,-0.694800113,-0.261269909,reconstruction,NA
1375,NA,-0.491483224,-0.599193633,-0.383063626,-0.703741636,-0.277938831,reconstruction,NA
1376,NA,-0.499755427,-0.608565184,-0.390612167,-0.710974444,-0.285576539,reconstruction,NA
1377,NA,-0.476584697,-0.585215932,-0.366469652,-0.691962994,-0.263393343,reconstruction,NA
1378,NA,-0.485515318,-0.5960941,-0.373445185,-0.696817812,-0.27412384,reconstruction,NA
1379,NA,-0.495706133,-0.604191968,-0.386865152,-0.709149117,-0.289555535,reconstruction,NA
1380,NA,-0.506767869,-0.618733196,-0.39911559,-0.718424718,-0.291700361,reconstruction,NA
1381,NA,-0.492013584,-0.602104323,-0.383186433,-0.70706545,-0.272217598,reconstruction,NA
1382,NA,-0.508828634,-0.61785248,-0.400670836,-0.722140537,-0.294003969,reconstruction,NA
1383,NA,-0.513880893,-0.623933124,-0.402932086,-0.730093742,-0.294496459,reconstruction,NA
1384,NA,-0.490828161,-0.597889296,-0.380843978,-0.707715612,-0.28017486,reconstruction,NA
1385,NA,-0.475381524,-0.585954122,-0.364627132,-0.694517851,-0.255173579,reconstruction,NA
1386,NA,-0.481460777,-0.591688124,-0.372762905,-0.702890757,-0.270343338,reconstruction,NA
1387,NA,-0.472561442,-0.583935043,-0.360641887,-0.69052853,-0.251250258,reconstruction,NA
1388,NA,-0.479915841,-0.590964888,-0.368777678,-0.698966332,-0.264530396,reconstruction,NA
1389,NA,-0.466071272,-0.577770016,-0.354292452,-0.678828889,-0.248041956,reconstruction,NA
1390,NA,-0.517961582,-0.627947009,-0.408707373,-0.733709088,-0.301028665,reconstruction,NA
1391,NA,-0.513805961,-0.62633878,-0.403122531,-0.730669426,-0.295261402,reconstruction,NA
1392,NA,-0.503973505,-0.61125849,-0.397012361,-0.723947491,-0.286922752,reconstruction,NA
1393,NA,-0.510155885,-0.620193632,-0.399553516,-0.726453089,-0.286722331,reconstruction,NA
1394,NA,-0.494246488,-0.603255224,-0.385841412,-0.709382564,-0.286044358,reconstruction,NA
1395,NA,-0.454929722,-0.563878422,-0.347442303,-0.670534882,-0.249637837,reconstruction,NA
1396,NA,-0.474840202,-0.580302744,-0.367156282,-0.691990787,-0.262928793,reconstruction,NA
1397,NA,-0.475272105,-0.581235062,-0.368522134,-0.689422965,-0.262337491,reconstruction,NA
1398,NA,-0.48439497,-0.596236982,-0.374872296,-0.701829008,-0.26600905,reconstruction,NA
1399,NA,-0.512174151,-0.62245977,-0.405057984,-0.730253264,-0.295098135,reconstruction,NA
1400,NA,-0.540686072,-0.649778223,-0.432095559,-0.757684145,-0.32632141,reconstruction,NA
1401,NA,-0.506324565,-0.609845592,-0.401835182,-0.723016046,-0.293452622,reconstruction,NA
1402,NA,-0.472445557,-0.580795448,-0.363170412,-0.68998743,-0.259163729,reconstruction,NA
1403,NA,-0.465411031,-0.575839055,-0.355918474,-0.684605322,-0.249021104,reconstruction,NA
1404,NA,-0.480677056,-0.586659297,-0.373101471,-0.695768854,-0.265864046,reconstruction,NA
1405,NA,-0.470902369,-0.582280741,-0.363203699,-0.684835351,-0.244962408,reconstruction,NA
1406,NA,-0.460028288,-0.570293692,-0.35072652,-0.677877548,-0.238460746,reconstruction,NA
1407,NA,-0.440928832,-0.552862517,-0.33099618,-0.661401696,-0.224267529,reconstruction,NA
1408,NA,-0.44137407,-0.551952736,-0.329729838,-0.661028228,-0.221667851,reconstruction,NA
1409,NA,-0.443079825,-0.553065074,-0.332178484,-0.660946109,-0.226126394,reconstruction,NA
1410,NA,-0.444339434,-0.555276245,-0.331472907,-0.673241678,-0.221848654,reconstruction,NA
1411,NA,-0.463875834,-0.576586146,-0.351485599,-0.690760445,-0.245835556,reconstruction,NA
1412,NA,-0.457611185,-0.571787603,-0.347450456,-0.691525673,-0.228644971,reconstruction,NA
1413,NA,-0.486765359,-0.59985096,-0.377314347,-0.709777305,-0.267554016,reconstruction,NA
1414,NA,-0.458489277,-0.570366852,-0.346418375,-0.681187866,-0.23605955,reconstruction,NA
1415,NA,-0.486889311,-0.598362472,-0.375512038,-0.710629788,-0.268632346,reconstruction,NA
1416,NA,-0.47107025,-0.583132588,-0.360743523,-0.687260172,-0.245072564,reconstruction,NA
1417,NA,-0.472601668,-0.581412756,-0.360361504,-0.689757165,-0.253794519,reconstruction,NA
1418,NA,-0.471269789,-0.5789996,-0.363348625,-0.69129438,-0.24936057,reconstruction,NA
1419,NA,-0.459919014,-0.566648508,-0.352578755,-0.674902488,-0.242259505,reconstruction,NA
1420,NA,-0.437540867,-0.547577641,-0.324845013,-0.654147509,-0.227767749,reconstruction,NA
1421,NA,-0.424126002,-0.534560337,-0.314868806,-0.643528082,-0.203430758,reconstruction,NA
1422,NA,-0.409025507,-0.517439218,-0.300696917,-0.62689737,-0.188470688,reconstruction,NA
1423,NA,-0.439784913,-0.549488948,-0.328089366,-0.657029168,-0.223915661,reconstruction,NA
1424,NA,-0.440809601,-0.554477962,-0.32796712,-0.661803474,-0.220114251,reconstruction,NA
1425,NA,-0.43871839,-0.548854627,-0.32844933,-0.659217036,-0.214078406,reconstruction,NA
1426,NA,-0.470689207,-0.583626873,-0.355556717,-0.690968807,-0.249629712,reconstruction,NA
1427,NA,-0.417103174,-0.531947986,-0.303280314,-0.631572403,-0.198357687,reconstruction,NA
1428,NA,-0.441934572,-0.553769892,-0.329675701,-0.659705217,-0.225920242,reconstruction,NA
1429,NA,-0.465845799,-0.57594744,-0.354081518,-0.683821599,-0.244493172,reconstruction,NA
1430,NA,-0.465313593,-0.57661979,-0.35801132,-0.689934583,-0.239943081,reconstruction,NA
1431,NA,-0.495036447,-0.606124074,-0.3842103,-0.719106689,-0.274514821,reconstruction,NA
1432,NA,-0.464515901,-0.576154024,-0.353833946,-0.686374269,-0.23987123,reconstruction,NA
1433,NA,-0.457367029,-0.568898824,-0.345934082,-0.672936243,-0.235531318,reconstruction,NA
1434,NA,-0.441799911,-0.54979791,-0.329940166,-0.664560817,-0.223832755,reconstruction,NA
1435,NA,-0.465663212,-0.578130156,-0.357310938,-0.687144169,-0.240916551,reconstruction,NA
1436,NA,-0.478451181,-0.589055236,-0.366679179,-0.694330941,-0.258935007,reconstruction,NA
1437,NA,-0.481687698,-0.591791649,-0.374644198,-0.699649709,-0.259640246,reconstruction,NA
1438,NA,-0.515491143,-0.626800593,-0.404313448,-0.734879917,-0.291175009,reconstruction,NA
1439,NA,-0.539165103,-0.64705663,-0.428017774,-0.761765423,-0.326846111,reconstruction,NA
1440,NA,-0.495708844,-0.609731803,-0.384760756,-0.71606398,-0.273524818,reconstruction,NA
1441,NA,-0.467350276,-0.581236998,-0.355428932,-0.687049257,-0.248192898,reconstruction,NA
1442,NA,-0.471392651,-0.585847452,-0.355707585,-0.698839876,-0.243122034,reconstruction,NA
1443,NA,-0.464920073,-0.578814108,-0.350087368,-0.694996266,-0.237729595,reconstruction,NA
1444,NA,-0.443971694,-0.557792212,-0.329327702,-0.668783664,-0.217668256,reconstruction,NA
1445,NA,-0.439121993,-0.551225272,-0.324730828,-0.671061879,-0.220672202,reconstruction,NA
1446,NA,-0.458878473,-0.573696051,-0.345771532,-0.687012628,-0.237593408,reconstruction,NA
1447,NA,-0.496125741,-0.611390782,-0.382496478,-0.715041354,-0.277757087,reconstruction,NA
1448,NA,-0.493927559,-0.60867658,-0.379131107,-0.717918386,-0.271844459,reconstruction,NA
1449,NA,-0.497633454,-0.61001981,-0.386855095,-0.719919197,-0.276892429,reconstruction,NA
1450,NA,-0.509489942,-0.620675355,-0.398238764,-0.732869271,-0.291092519,reconstruction,NA
1451,NA,-0.498331588,-0.612298906,-0.385264569,-0.720827181,-0.275517232,reconstruction,NA
1452,NA,-0.514236587,-0.629176054,-0.400370324,-0.743285575,-0.28933325,reconstruction,NA
1453,NA,-0.513779304,-0.627531864,-0.401028454,-0.740666716,-0.290087766,reconstruction,NA
1454,NA,-0.620716913,-0.732016417,-0.509029208,-0.85263506,-0.40038342,reconstruction,NA
1455,NA,-0.605335765,-0.718661489,-0.491748666,-0.84151826,-0.381699097,reconstruction,NA
1456,NA,-0.600358446,-0.717325228,-0.483970577,-0.83363271,-0.373656382,reconstruction,NA
1457,NA,-0.56080216,-0.675110487,-0.446178171,-0.784469461,-0.339810815,reconstruction,NA
1458,NA,-0.525575449,-0.636826876,-0.414866023,-0.74488225,-0.306311895,reconstruction,NA
1459,NA,-0.745723584,-0.873854862,-0.620714651,-1.004781315,-0.494850603,reconstruction,NA
1460,NA,-0.787827995,-0.924837005,-0.652080553,-1.068613295,-0.521374858,reconstruction,NA
1461,NA,-0.680776438,-0.809061687,-0.554568826,-0.939021284,-0.433202257,reconstruction,NA
1462,NA,-0.60152748,-0.719732849,-0.481066822,-0.849636589,-0.372756598,reconstruction,NA
1463,NA,-0.592462981,-0.708026217,-0.477721151,-0.820365333,-0.365065047,reconstruction,NA
1464,NA,-0.536718176,-0.652216726,-0.421173684,-0.768870723,-0.314909911,reconstruction,NA
1465,NA,-0.543177753,-0.655359888,-0.431689208,-0.766482338,-0.331330834,reconstruction,NA
1466,NA,-0.517432652,-0.628354881,-0.403416832,-0.738222054,-0.297968401,reconstruction,NA
1467,NA,-0.500193835,-0.611294862,-0.387849882,-0.72330977,-0.283501345,reconstruction,NA
1468,NA,-0.47245565,-0.583458046,-0.360671802,-0.694852459,-0.253882153,reconstruction,NA
1469,NA,-0.487632164,-0.595915138,-0.378126977,-0.706550847,-0.268776927,reconstruction,NA
1470,NA,-0.477017811,-0.587622436,-0.36765297,-0.694415967,-0.259343133,reconstruction,NA
1471,NA,-0.477431683,-0.591191541,-0.365954543,-0.699191017,-0.254511287,reconstruction,NA
1472,NA,-0.520378266,-0.632767854,-0.407244923,-0.738528974,-0.30159054,reconstruction,NA
1473,NA,-0.49914247,-0.614288157,-0.38383936,-0.727073819,-0.279925041,reconstruction,NA
1474,NA,-0.495522087,-0.607604658,-0.383082741,-0.72078257,-0.273602967,reconstruction,NA
1475,NA,-0.479556854,-0.590287456,-0.368836554,-0.700730726,-0.260843602,reconstruction,NA
1476,NA,-0.50033791,-0.614692721,-0.387127814,-0.72511436,-0.275391775,reconstruction,NA
1477,NA,-0.488810331,-0.601497652,-0.375468396,-0.71472608,-0.267854448,reconstruction,NA
1478,NA,-0.515951678,-0.627924814,-0.405822362,-0.747694501,-0.297150849,reconstruction,NA
1479,NA,-0.531352409,-0.645783578,-0.420116249,-0.756957574,-0.309073427,reconstruction,NA
1480,NA,-0.499549989,-0.610497442,-0.38580237,-0.725187627,-0.282643446,reconstruction,NA
1481,NA,-0.489888482,-0.600241191,-0.379759022,-0.714043439,-0.272897142,reconstruction,NA
1482,NA,-0.470166241,-0.582697116,-0.357456632,-0.690803723,-0.250656927,reconstruction,NA
1483,NA,-0.477228868,-0.58964863,-0.363408143,-0.705593936,-0.249752899,reconstruction,NA
1484,NA,-0.488737668,-0.600633127,-0.37605483,-0.705615077,-0.272367869,reconstruction,NA
1485,NA,-0.452419524,-0.565500486,-0.337998651,-0.669067949,-0.234400134,reconstruction,NA
1486,NA,-0.461261817,-0.5745954,-0.348654813,-0.692405072,-0.245904297,reconstruction,NA
1487,NA,-0.451684238,-0.563619255,-0.339457466,-0.674611233,-0.228561509,reconstruction,NA
1488,NA,-0.449641945,-0.563887608,-0.338763983,-0.66881699,-0.231122073,reconstruction,NA
1489,NA,-0.462605076,-0.57488744,-0.352279625,-0.685638448,-0.24352527,reconstruction,NA
1490,NA,-0.449912938,-0.560509735,-0.338307318,-0.672065422,-0.230116707,reconstruction,NA
1491,NA,-0.429638734,-0.542775683,-0.31641523,-0.648844196,-0.213654163,reconstruction,NA
1492,NA,-0.458018734,-0.566709352,-0.347159792,-0.688456268,-0.235770572,reconstruction,NA
1493,NA,-0.462387116,-0.574779161,-0.34891412,-0.688326774,-0.237272282,reconstruction,NA
1494,NA,-0.457672019,-0.569558325,-0.34560531,-0.678019335,-0.240928689,reconstruction,NA
1495,NA,-0.440375701,-0.553972892,-0.329338522,-0.658558797,-0.221666557,reconstruction,NA
1496,NA,-0.469933758,-0.57948776,-0.358897404,-0.693967419,-0.25632067,reconstruction,NA
1497,NA,-0.451315058,-0.562531688,-0.340109295,-0.673596264,-0.228084729,reconstruction,NA
1498,NA,-0.467494811,-0.582111137,-0.35354358,-0.696105473,-0.245825415,reconstruction,NA
1499,NA,-0.446477754,-0.555538686,-0.337557128,-0.665176038,-0.233098438,reconstruction,NA
1500,NA,-0.45250635,-0.563225049,-0.341421781,-0.674039155,-0.23402739,reconstruction,NA
1501,NA,-0.45514251,-0.567724104,-0.344632978,-0.674018291,-0.234315024,reconstruction,NA
1502,NA,-0.423505264,-0.536770178,-0.310400188,-0.651108279,-0.192321846,reconstruction,NA
1503,NA,-0.451977255,-0.563943514,-0.340290349,-0.678271415,-0.230692639,reconstruction,NA
1504,NA,-0.448287286,-0.557901942,-0.337873886,-0.668876898,-0.231187934,reconstruction,NA
1505,NA,-0.433328168,-0.546632938,-0.321672451,-0.652785391,-0.20664556,reconstruction,NA
1506,NA,-0.447709301,-0.557879354,-0.334893242,-0.668079862,-0.232520229,reconstruction,NA
1507,NA,-0.509523374,-0.621251999,-0.397039204,-0.732639633,-0.295587969,reconstruction,NA
1508,NA,-0.512403606,-0.621088263,-0.40275047,-0.73561847,-0.301553819,reconstruction,NA
1509,NA,-0.457780604,-0.571724384,-0.346953276,-0.67389372,-0.237889421,reconstruction,NA
1510,NA,-0.462681507,-0.574401468,-0.353836661,-0.688236815,-0.24695383,reconstruction,NA
1511,NA,-0.491395939,-0.601978164,-0.380100979,-0.719035252,-0.271359989,reconstruction,NA
1512,NA,-0.534936421,-0.647511065,-0.423026877,-0.749445961,-0.315857502,reconstruction,NA
1513,NA,-0.484325524,-0.594095111,-0.372087887,-0.705278551,-0.266268519,reconstruction,NA
1514,NA,-0.509339,-0.621674918,-0.396897685,-0.725622486,-0.285784725,reconstruction,NA
1515,NA,-0.513962954,-0.625758276,-0.401945802,-0.740350925,-0.294015291,reconstruction,NA
1516,NA,-0.500739127,-0.611937558,-0.391356808,-0.732379906,-0.27426011,reconstruction,NA
1517,NA,-0.506626452,-0.616546889,-0.392858079,-0.740467139,-0.284458927,reconstruction,NA
1518,NA,-0.492985897,-0.604353422,-0.380576447,-0.718604915,-0.271340693,reconstruction,NA
1519,NA,-0.516476967,-0.628921864,-0.403162049,-0.740884713,-0.298287833,reconstruction,NA
1520,NA,-0.518372036,-0.634200285,-0.402623736,-0.747844801,-0.295253341,reconstruction,NA
1521,NA,-0.521781764,-0.633814366,-0.410462781,-0.752282612,-0.307308712,reconstruction,NA
1522,NA,-0.531905905,-0.648668943,-0.416741681,-0.765220971,-0.307980417,reconstruction,NA
1523,NA,-0.513423919,-0.628780323,-0.397605347,-0.74773746,-0.292985825,reconstruction,NA
1524,NA,-0.509465734,-0.622958073,-0.394910432,-0.734755242,-0.287902123,reconstruction,NA
1525,NA,-0.477959027,-0.592240167,-0.366289348,-0.703244437,-0.259129425,reconstruction,NA
1526,NA,-0.441154707,-0.552014252,-0.330706902,-0.663739151,-0.226216454,reconstruction,NA
1527,NA,-0.450537638,-0.561560968,-0.33838055,-0.67777389,-0.235441761,reconstruction,NA
1528,NA,-0.455197071,-0.565036709,-0.346107328,-0.673323873,-0.24334236,reconstruction,NA
1529,NA,-0.484308572,-0.595071517,-0.373548896,-0.700664442,-0.264074829,reconstruction,NA
1530,NA,-0.451008502,-0.564453959,-0.337976367,-0.669353298,-0.232325817,reconstruction,NA
1531,NA,-0.439422828,-0.549037058,-0.331352177,-0.664010872,-0.223171122,reconstruction,NA
1532,NA,-0.410245421,-0.521319474,-0.301871139,-0.633403369,-0.194942807,reconstruction,NA
1533,NA,-0.372479941,-0.482446445,-0.261318716,-0.593880009,-0.158976535,reconstruction,NA
1534,NA,-0.421059713,-0.530595527,-0.31356302,-0.639715391,-0.205836093,reconstruction,NA
1535,NA,-0.456411951,-0.568085144,-0.347388526,-0.67241526,-0.241542747,reconstruction,NA
1536,NA,-0.469691459,-0.58169874,-0.358323779,-0.692392803,-0.253893953,reconstruction,NA
1537,NA,-0.467814782,-0.577951182,-0.358247338,-0.68863205,-0.249903378,reconstruction,NA
1538,NA,-0.452841658,-0.565675116,-0.342579156,-0.675060785,-0.238536404,reconstruction,NA
1539,NA,-0.46435782,-0.575774731,-0.353256696,-0.68237055,-0.244030096,reconstruction,NA
1540,NA,-0.431226814,-0.542229167,-0.321291686,-0.651252192,-0.21566555,reconstruction,NA
1541,NA,-0.470425011,-0.578102122,-0.360393686,-0.690204344,-0.258364127,reconstruction,NA
1542,NA,-0.505280456,-0.613018754,-0.397786997,-0.723904331,-0.296677422,reconstruction,NA
1543,NA,-0.492124927,-0.601478895,-0.385510377,-0.709038028,-0.278108448,reconstruction,NA
1544,NA,-0.47904421,-0.589290667,-0.370196528,-0.691823824,-0.268975999,reconstruction,NA
1545,NA,-0.450928438,-0.560178811,-0.340019872,-0.669791134,-0.240038133,reconstruction,NA
1546,NA,-0.397228871,-0.50933698,-0.285331959,-0.621675745,-0.17933684,reconstruction,NA
1547,NA,-0.428556506,-0.538559879,-0.319602262,-0.644731646,-0.209465803,reconstruction,NA
1548,NA,-0.42487863,-0.532622866,-0.314854682,-0.640191062,-0.211289421,reconstruction,NA
1549,NA,-0.425748262,-0.537304775,-0.315801,-0.641053459,-0.209764243,reconstruction,NA
1550,NA,-0.468569785,-0.578315813,-0.358857495,-0.682383553,-0.255484323,reconstruction,NA
1551,NA,-0.457626306,-0.56520576,-0.347135075,-0.677910916,-0.24534598,reconstruction,NA
1552,NA,-0.450756244,-0.560951958,-0.340025285,-0.665513474,-0.233676743,reconstruction,NA
1553,NA,-0.434502667,-0.54540955,-0.32394117,-0.658493806,-0.21779295,reconstruction,NA
1554,NA,-0.447881632,-0.558283739,-0.336633633,-0.659070807,-0.234806384,reconstruction,NA
1555,NA,-0.498081315,-0.606600753,-0.387198476,-0.711378677,-0.281575476,reconstruction,NA
1556,NA,-0.509441195,-0.620402549,-0.399601649,-0.732092519,-0.29909929,reconstruction,NA
1557,NA,-0.469716741,-0.578167496,-0.36004587,-0.683198689,-0.250317074,reconstruction,NA
1558,NA,-0.455502562,-0.56684962,-0.345939803,-0.669783639,-0.245990374,reconstruction,NA
1559,NA,-0.418217768,-0.527224629,-0.309909668,-0.630325833,-0.204116689,reconstruction,NA
1560,NA,-0.457342481,-0.564009077,-0.346561783,-0.676713687,-0.245641631,reconstruction,NA
1561,NA,-0.434669832,-0.540922021,-0.328136958,-0.65527822,-0.22472486,reconstruction,NA
1562,NA,-0.415015577,-0.523101887,-0.307400784,-0.628050709,-0.202345347,reconstruction,NA
1563,NA,-0.430294082,-0.541898624,-0.322542539,-0.638556555,-0.215307634,reconstruction,NA
1564,NA,-0.393946204,-0.502842057,-0.288838249,-0.604451428,-0.182501525,reconstruction,NA
1565,NA,-0.415581527,-0.520943844,-0.307346206,-0.631808333,-0.203929792,reconstruction,NA
1566,NA,-0.456219213,-0.567289378,-0.347179316,-0.67401729,-0.237971922,reconstruction,NA
1567,NA,-0.437614948,-0.546579527,-0.327844968,-0.653663046,-0.216600449,reconstruction,NA
1568,NA,-0.487153233,-0.599143051,-0.375370505,-0.701677691,-0.26522562,reconstruction,NA
1569,NA,-0.460979858,-0.570248462,-0.352204087,-0.672247382,-0.250042752,reconstruction,NA
1570,NA,-0.477796517,-0.58705498,-0.368764018,-0.696886984,-0.261637179,reconstruction,NA
1571,NA,-0.495838693,-0.605990495,-0.384600365,-0.714971434,-0.271995204,reconstruction,NA
1572,NA,-0.474632192,-0.585134937,-0.362318976,-0.695725487,-0.259213179,reconstruction,NA
1573,NA,-0.477265189,-0.586405117,-0.367901132,-0.695251721,-0.257591888,reconstruction,NA
1574,NA,-0.501416022,-0.608529204,-0.391863242,-0.721903647,-0.282833911,reconstruction,NA
1575,NA,-0.477139476,-0.585965348,-0.366622737,-0.691065683,-0.260947706,reconstruction,NA
1576,NA,-0.482154789,-0.592345526,-0.369522336,-0.704534368,-0.265155368,reconstruction,NA
1577,NA,-0.481328556,-0.594580806,-0.369207933,-0.704215991,-0.26212774,reconstruction,NA
1578,NA,-0.525428236,-0.635923447,-0.415832953,-0.745847854,-0.308179977,reconstruction,NA
1579,NA,-0.538160306,-0.646954422,-0.430499149,-0.756857014,-0.32082966,reconstruction,NA
1580,NA,-0.518734797,-0.628961781,-0.407738854,-0.737278078,-0.299158048,reconstruction,NA
1581,NA,-0.477912498,-0.584604879,-0.366958868,-0.693946507,-0.258656398,reconstruction,NA
1582,NA,-0.439747349,-0.548685653,-0.329471,-0.657496175,-0.226729156,reconstruction,NA
1583,NA,-0.445698873,-0.554589244,-0.336325938,-0.666383095,-0.230920977,reconstruction,NA
1584,NA,-0.455937884,-0.565860742,-0.344876708,-0.677556885,-0.242510161,reconstruction,NA
1585,NA,-0.480958012,-0.590973345,-0.370911049,-0.700257053,-0.265042398,reconstruction,NA
1586,NA,-0.557452066,-0.668383187,-0.447476257,-0.777443466,-0.343443295,reconstruction,NA
1587,NA,-0.556170576,-0.669365966,-0.444591078,-0.775659104,-0.336183149,reconstruction,NA
1588,NA,-0.554354071,-0.667435196,-0.441163291,-0.777562143,-0.33589333,reconstruction,NA
1589,NA,-0.505940046,-0.618131894,-0.394039605,-0.72215457,-0.292430293,reconstruction,NA
1590,NA,-0.505744923,-0.616401909,-0.394410478,-0.728571579,-0.285333138,reconstruction,NA
1591,NA,-0.470614461,-0.579873998,-0.36253681,-0.693975419,-0.251292571,reconstruction,NA
1592,NA,-0.482962262,-0.591342685,-0.376445034,-0.703868523,-0.27037703,reconstruction,NA
1593,NA,-0.477587599,-0.585387527,-0.368669841,-0.694175232,-0.269119678,reconstruction,NA
1594,NA,-0.484980019,-0.593333345,-0.375030812,-0.701024622,-0.270597764,reconstruction,NA
1595,NA,-0.490639031,-0.59904427,-0.379345448,-0.710136819,-0.27814709,reconstruction,NA
1596,NA,-0.590817702,-0.69917759,-0.482594982,-0.806999467,-0.374657255,reconstruction,NA
1597,NA,-0.633983382,-0.746364007,-0.523223259,-0.85644423,-0.413667865,reconstruction,NA
1598,NA,-0.562605418,-0.676944252,-0.448316756,-0.792394951,-0.342082407,reconstruction,NA
1599,NA,-0.504353135,-0.61532872,-0.394125952,-0.724104168,-0.281747312,reconstruction,NA
1600,NA,-0.525743472,-0.635366341,-0.414229102,-0.748281984,-0.304788948,reconstruction,NA
1601,NA,-0.70936457,-0.824305365,-0.590776093,-0.937115816,-0.484245644,reconstruction,NA
1602,NA,-0.749724523,-0.870530332,-0.627551792,-0.994794892,-0.512629653,reconstruction,NA
1603,NA,-0.640121238,-0.75964376,-0.522390605,-0.875087536,-0.408937781,reconstruction,NA
1604,NA,-0.606947954,-0.718963695,-0.493939001,-0.839768753,-0.381024221,reconstruction,NA
1605,NA,-0.604703109,-0.714586012,-0.491585672,-0.827871469,-0.386311803,reconstruction,NA
1606,NA,-0.60720836,-0.714886827,-0.498950872,-0.825937405,-0.394310235,reconstruction,NA
1607,NA,-0.600463971,-0.712352848,-0.491810561,-0.822595379,-0.383796165,reconstruction,NA
1608,NA,-0.579777482,-0.689487994,-0.469760674,-0.795610011,-0.362984095,reconstruction,NA
1609,NA,-0.556642513,-0.669055683,-0.445849128,-0.777493178,-0.346117733,reconstruction,NA
1610,NA,-0.526955085,-0.634328689,-0.418635274,-0.740400825,-0.318195246,reconstruction,NA
1611,NA,-0.498150401,-0.608007298,-0.388047586,-0.714838521,-0.286700331,reconstruction,NA
1612,NA,-0.494266399,-0.603444127,-0.383743558,-0.709565535,-0.280710525,reconstruction,NA
1613,NA,-0.519383804,-0.62977316,-0.4069473,-0.735232946,-0.303639721,reconstruction,NA
1614,NA,-0.518882938,-0.624995053,-0.412397492,-0.735667409,-0.303443386,reconstruction,NA
1615,NA,-0.52450256,-0.634712304,-0.413377783,-0.739004544,-0.303617451,reconstruction,NA
1616,NA,-0.571720202,-0.680857894,-0.462645182,-0.788806068,-0.355951985,reconstruction,NA
1617,NA,-0.542985561,-0.653328728,-0.433962136,-0.764848926,-0.321224637,reconstruction,NA
1618,NA,-0.568116946,-0.677494709,-0.455181909,-0.785156969,-0.346894345,reconstruction,NA
1619,NA,-0.564806625,-0.677820098,-0.451758611,-0.783186938,-0.343563484,reconstruction,NA
1620,NA,-0.522996681,-0.632688647,-0.41543059,-0.745963051,-0.318328887,reconstruction,NA
1621,NA,-0.551156064,-0.658695342,-0.443339601,-0.763903617,-0.338643392,reconstruction,NA
1622,NA,-0.542796165,-0.651057139,-0.435595437,-0.755250428,-0.33116608,reconstruction,NA
1623,NA,-0.535733597,-0.642446463,-0.427716465,-0.757097947,-0.322651965,reconstruction,NA
1624,NA,-0.566484828,-0.677448246,-0.455479594,-0.778978621,-0.354023885,reconstruction,NA
1625,NA,-0.553029475,-0.660675154,-0.445156357,-0.771884311,-0.33781996,reconstruction,NA
1626,NA,-0.5183375,-0.628831844,-0.410264155,-0.737840536,-0.307008069,reconstruction,NA
1627,NA,-0.527032509,-0.636330378,-0.417250462,-0.740351145,-0.310887179,reconstruction,NA
1628,NA,-0.543552,-0.655123132,-0.432159614,-0.761491757,-0.323385989,reconstruction,NA
1629,NA,-0.516232252,-0.626569784,-0.40644068,-0.736216241,-0.295157039,reconstruction,NA
1630,NA,-0.498205007,-0.609287804,-0.387569324,-0.713922463,-0.282602995,reconstruction,NA
1631,NA,-0.545164133,-0.650537602,-0.436073823,-0.763604711,-0.332356834,reconstruction,NA
1632,NA,-0.548686111,-0.65825404,-0.438166476,-0.766956629,-0.330588545,reconstruction,NA
1633,NA,-0.572948645,-0.683601514,-0.461366115,-0.794476926,-0.351830507,reconstruction,NA
1634,NA,-0.53364186,-0.645873001,-0.422061326,-0.755243238,-0.314899203,reconstruction,NA
1635,NA,-0.497207997,-0.609980798,-0.385509284,-0.716664168,-0.274796035,reconstruction,NA
1636,NA,-0.523005242,-0.632472574,-0.412021986,-0.739248707,-0.304156277,reconstruction,NA
1637,NA,-0.507046121,-0.616440269,-0.397246203,-0.718657838,-0.293679649,reconstruction,NA
1638,NA,-0.545896379,-0.654447584,-0.437750379,-0.760238695,-0.330154133,reconstruction,NA
1639,NA,-0.549934805,-0.658790894,-0.441348315,-0.769550303,-0.337152005,reconstruction,NA
1640,NA,-0.535811892,-0.648501968,-0.425848356,-0.758187083,-0.320190618,reconstruction,NA
1641,NA,-0.498325327,-0.611199585,-0.386131982,-0.718837699,-0.276898117,reconstruction,NA
1642,NA,-0.744712501,-0.862093906,-0.624523806,-0.987107836,-0.500749349,reconstruction,NA
1643,NA,-0.745480896,-0.868185854,-0.623258565,-0.990319734,-0.511505919,reconstruction,NA
1644,NA,-0.692271813,-0.808579428,-0.576342012,-0.923948487,-0.462561961,reconstruction,NA
1645,NA,-0.627083005,-0.74213063,-0.511665095,-0.853345389,-0.397338786,reconstruction,NA
1646,NA,-0.583707579,-0.697033422,-0.471729924,-0.816246153,-0.366885408,reconstruction,NA
1647,NA,-0.62038599,-0.73330398,-0.506882975,-0.847549067,-0.390503041,reconstruction,NA
1648,NA,-0.6632813,-0.77886786,-0.54873689,-0.896993755,-0.437313784,reconstruction,NA
1649,NA,-0.564880787,-0.67696934,-0.452266881,-0.790697352,-0.346109094,reconstruction,NA
1650,NA,-0.560724966,-0.670607588,-0.450646313,-0.781392301,-0.346175818,reconstruction,NA
1651,NA,-0.554994631,-0.667633221,-0.440775046,-0.776688959,-0.336249897,reconstruction,NA
1652,NA,-0.55398742,-0.667037748,-0.438690256,-0.775228522,-0.329772117,reconstruction,NA
1653,NA,-0.542823857,-0.65308059,-0.431813909,-0.762597077,-0.319789914,reconstruction,NA
1654,NA,-0.508396907,-0.619896382,-0.39649154,-0.733862748,-0.289605576,reconstruction,NA
1655,NA,-0.509913602,-0.623389951,-0.397282179,-0.730705273,-0.288972742,reconstruction,NA
1656,NA,-0.488360639,-0.603584641,-0.375323848,-0.716751473,-0.269490955,reconstruction,NA
1657,NA,-0.490668919,-0.60076181,-0.376943841,-0.715257811,-0.272124069,reconstruction,NA
1658,NA,-0.527914025,-0.638584919,-0.41543908,-0.752361164,-0.314520598,reconstruction,NA
1659,NA,-0.499292918,-0.609904753,-0.386722457,-0.718252738,-0.279147825,reconstruction,NA
1660,NA,-0.493669884,-0.606051019,-0.381559954,-0.71329023,-0.273415288,reconstruction,NA
1661,NA,-0.491926224,-0.607018275,-0.378311866,-0.721446774,-0.26524284,reconstruction,NA
1662,NA,-0.463304489,-0.578850922,-0.346039736,-0.686759017,-0.237050184,reconstruction,NA
1663,NA,-0.507569641,-0.621763973,-0.395063254,-0.734686501,-0.286572316,reconstruction,NA
1664,NA,-0.487863567,-0.599209381,-0.377970737,-0.70946601,-0.266823892,reconstruction,NA
1665,NA,-0.435645827,-0.548767591,-0.321609899,-0.65941101,-0.214287711,reconstruction,NA
1666,NA,-0.519903353,-0.63471128,-0.405731564,-0.739903453,-0.295999647,reconstruction,NA
1667,NA,-0.518626586,-0.62977097,-0.406779962,-0.747295419,-0.293369255,reconstruction,NA
1668,NA,-0.555869173,-0.668112992,-0.443227369,-0.779252366,-0.342706479,reconstruction,NA
1669,NA,-0.587023013,-0.698377549,-0.474290632,-0.813210067,-0.367777924,reconstruction,NA
1670,NA,-0.617267267,-0.729072235,-0.504930556,-0.842965996,-0.404119635,reconstruction,NA
1671,NA,-0.583154816,-0.696356637,-0.472754693,-0.812756163,-0.367347414,reconstruction,NA
1672,NA,-0.551362861,-0.66215797,-0.439875665,-0.778539512,-0.331860068,reconstruction,NA
1673,NA,-0.578003544,-0.691996934,-0.464876985,-0.799828394,-0.345241505,reconstruction,NA
1674,NA,-0.582995143,-0.698547148,-0.468091284,-0.808058998,-0.35620708,reconstruction,NA
1675,NA,-0.640442188,-0.754280386,-0.529159843,-0.869896408,-0.416506518,reconstruction,NA
1676,NA,-0.617600408,-0.731698933,-0.504030988,-0.852394956,-0.399699279,reconstruction,NA
1677,NA,-0.56129899,-0.673611475,-0.452210898,-0.785781282,-0.335602964,reconstruction,NA
1678,NA,-0.554473229,-0.663650564,-0.444466388,-0.777722551,-0.335639225,reconstruction,NA
1679,NA,-0.537972982,-0.647450004,-0.428468496,-0.758125105,-0.319105324,reconstruction,NA
1680,NA,-0.554996414,-0.664373392,-0.442616654,-0.773428265,-0.342149396,reconstruction,NA
1681,NA,-0.559956281,-0.66743033,-0.450278372,-0.774691198,-0.335746243,reconstruction,NA
1682,NA,-0.553231249,-0.660071213,-0.442426512,-0.77702205,-0.330802621,reconstruction,NA
1683,NA,-0.522611269,-0.635736666,-0.408005906,-0.745937692,-0.302613951,reconstruction,NA
1684,NA,-0.537131792,-0.650683105,-0.425005094,-0.759084601,-0.318640239,reconstruction,NA
1685,NA,-0.523185216,-0.634890734,-0.411915654,-0.745611785,-0.302473725,reconstruction,NA
1686,NA,-0.542615743,-0.653294607,-0.431318162,-0.759956629,-0.327364085,reconstruction,NA
1687,NA,-0.519889341,-0.632530022,-0.406705149,-0.738869777,-0.303938875,reconstruction,NA
1688,NA,-0.51671035,-0.629712138,-0.401839249,-0.739814764,-0.288871397,reconstruction,NA
1689,NA,-0.485196804,-0.59984368,-0.37186441,-0.705777508,-0.262144287,reconstruction,NA
1690,NA,-0.462427007,-0.572745812,-0.351462597,-0.678054818,-0.246382013,reconstruction,NA
1691,NA,-0.467877236,-0.580780163,-0.355743368,-0.687257331,-0.24571056,reconstruction,NA
1692,NA,-0.469598477,-0.580751617,-0.355805796,-0.688113816,-0.24857645,reconstruction,NA
1693,NA,-0.486518855,-0.597463405,-0.375650634,-0.710148416,-0.263949559,reconstruction,NA
1694,NA,-0.511128278,-0.625582222,-0.398951911,-0.731404922,-0.295722191,reconstruction,NA
1695,NA,-0.507277564,-0.619250897,-0.39522037,-0.723855128,-0.278585092,reconstruction,NA
1696,NA,-0.680010434,-0.797810521,-0.561863848,-0.926562522,-0.439804695,reconstruction,NA
1697,NA,-0.723967713,-0.847054278,-0.601653781,-0.963555976,-0.487185081,reconstruction,NA
1698,NA,-0.674552401,-0.791419899,-0.558385608,-0.907044217,-0.448572348,reconstruction,NA
1699,NA,-0.600942824,-0.715382401,-0.48646309,-0.829250319,-0.377904782,reconstruction,NA
1700,NA,-0.597351047,-0.711963305,-0.483192687,-0.827483764,-0.373464972,reconstruction,NA
1701,NA,-0.550789761,-0.664949833,-0.437321608,-0.776067121,-0.331088209,reconstruction,NA
1702,NA,-0.574106779,-0.685161589,-0.462525705,-0.799063959,-0.35006891,reconstruction,NA
1703,NA,-0.561798329,-0.674000393,-0.452418868,-0.781150357,-0.3406512,reconstruction,NA
1704,NA,-0.56501475,-0.676160072,-0.454273255,-0.787250098,-0.343372025,reconstruction,NA
1705,NA,-0.554619543,-0.665684981,-0.440882796,-0.780584345,-0.339065807,reconstruction,NA
1706,NA,-0.538778897,-0.653277834,-0.42415255,-0.763358275,-0.319060827,reconstruction,NA
1707,NA,-0.5334144,-0.647585372,-0.419699234,-0.758597351,-0.309279288,reconstruction,NA
1708,NA,-0.496281858,-0.608426454,-0.38247341,-0.719244827,-0.274221487,reconstruction,NA
1709,NA,-0.541403676,-0.651423108,-0.428777534,-0.770834472,-0.324803321,reconstruction,NA
1710,NA,-0.493275199,-0.604861338,-0.380793658,-0.711575834,-0.272789753,reconstruction,NA
1711,NA,-0.496802457,-0.607527724,-0.38351232,-0.721044025,-0.276231769,reconstruction,NA
1712,NA,-0.488145107,-0.60005161,-0.374745918,-0.715933204,-0.269483735,reconstruction,NA
1713,NA,-0.493740197,-0.605013908,-0.38048916,-0.707899545,-0.281880528,reconstruction,NA
1714,NA,-0.508169506,-0.618115991,-0.399652212,-0.731925653,-0.291488897,reconstruction,NA
1715,NA,-0.507628229,-0.62012574,-0.399588384,-0.727053604,-0.293436169,reconstruction,NA
1716,NA,-0.487203755,-0.598483564,-0.373191259,-0.706345874,-0.262368342,reconstruction,NA
1717,NA,-0.491963982,-0.605522638,-0.378694529,-0.712304283,-0.270414122,reconstruction,NA
1718,NA,-0.46091438,-0.570834066,-0.352931609,-0.679415675,-0.240837835,reconstruction,NA
1719,NA,-0.483631914,-0.593889991,-0.372487149,-0.707773536,-0.268515409,reconstruction,NA
1720,NA,-0.4473402,-0.558401179,-0.334732646,-0.671004659,-0.226032973,reconstruction,NA
1721,NA,-0.46169972,-0.57609538,-0.347042717,-0.679552262,-0.242079348,reconstruction,NA
1722,NA,-0.454986148,-0.568238742,-0.343081045,-0.676743454,-0.234141932,reconstruction,NA
1723,NA,-0.502032828,-0.613940066,-0.390512899,-0.726510506,-0.280764317,reconstruction,NA
1724,NA,-0.51693859,-0.62854397,-0.404996513,-0.736931108,-0.296818154,reconstruction,NA
1725,NA,-0.518962592,-0.630212715,-0.409550908,-0.741554919,-0.300246996,reconstruction,NA
1726,NA,-0.569056398,-0.682280715,-0.459197295,-0.787696496,-0.357271713,reconstruction,NA
1727,NA,-0.525609383,-0.633733587,-0.416232746,-0.745710872,-0.316645786,reconstruction,NA
1728,NA,-0.504345502,-0.61326715,-0.395346438,-0.720553799,-0.287549196,reconstruction,NA
1729,NA,-0.496490438,-0.60436974,-0.386951293,-0.711570388,-0.286221618,reconstruction,NA
1730,NA,-0.538154046,-0.645652646,-0.432380567,-0.749821113,-0.323628966,reconstruction,NA
1731,NA,-0.507652983,-0.619179226,-0.397537385,-0.727233292,-0.287394514,reconstruction,NA
1732,NA,-0.524178495,-0.631706144,-0.412333214,-0.749129277,-0.310968971,reconstruction,NA
1733,NA,-0.523372208,-0.635655,-0.411000527,-0.743539184,-0.306404978,reconstruction,NA
1734,NA,-0.541530103,-0.652166758,-0.43139636,-0.760449148,-0.323896544,reconstruction,NA
1735,NA,-0.482872573,-0.59250806,-0.371098097,-0.706085968,-0.264160702,reconstruction,NA
1736,NA,-0.490317657,-0.600832347,-0.378996993,-0.713034645,-0.279797545,reconstruction,NA
1737,NA,-0.4740409,-0.58468111,-0.362551397,-0.697312922,-0.260036293,reconstruction,NA
1738,NA,-0.487208668,-0.599579483,-0.376953006,-0.710783637,-0.276957685,reconstruction,NA
1739,NA,-0.488147681,-0.599728956,-0.376353982,-0.709661108,-0.272344548,reconstruction,NA
1740,NA,-0.501336752,-0.610107739,-0.390745937,-0.718882862,-0.285839922,reconstruction,NA
1741,NA,-0.535630827,-0.645962913,-0.426294908,-0.757047161,-0.327903036,reconstruction,NA
1742,NA,-0.51121039,-0.621925593,-0.398503448,-0.737910037,-0.290913568,reconstruction,NA
1743,NA,-0.515252607,-0.62830957,-0.401248478,-0.741362861,-0.296421743,reconstruction,NA
1744,NA,-0.50902993,-0.617776037,-0.397325189,-0.736303482,-0.292465395,reconstruction,NA
1745,NA,-0.506424744,-0.615093513,-0.396225322,-0.721996711,-0.29208325,reconstruction,NA
1746,NA,-0.531772114,-0.642730579,-0.42000189,-0.746799405,-0.319176506,reconstruction,NA
1747,NA,-0.557501968,-0.667572449,-0.447005204,-0.777086039,-0.341125243,reconstruction,NA
1748,NA,-0.558568105,-0.669567205,-0.447796922,-0.775002578,-0.34027198,reconstruction,NA
1749,NA,-0.51559036,-0.625878387,-0.405697626,-0.72999573,-0.298447463,reconstruction,NA
1750,NA,-0.5119829,-0.621653824,-0.404717034,-0.733500426,-0.291800905,reconstruction,NA
1751,NA,-0.533228217,-0.647169513,-0.421658209,-0.756241802,-0.312531006,reconstruction,NA
1752,NA,-0.490173517,-0.602240716,-0.377598348,-0.71174779,-0.27276939,reconstruction,NA
1753,NA,-0.508161479,-0.616896825,-0.399826724,-0.730152304,-0.288751907,reconstruction,NA
1754,NA,-0.50005227,-0.611893014,-0.389192959,-0.720849055,-0.280742227,reconstruction,NA
1755,NA,-0.436675379,-0.548039706,-0.325227554,-0.655680035,-0.212288905,reconstruction,NA
1756,NA,-0.485583742,-0.596752595,-0.374951252,-0.706618472,-0.264367402,reconstruction,NA
1757,NA,-0.489638146,-0.600333946,-0.377549731,-0.706106424,-0.269801505,reconstruction,NA
1758,NA,-0.452658602,-0.562620634,-0.343447689,-0.669290642,-0.235681837,reconstruction,NA
1759,NA,-0.506711673,-0.618316586,-0.394391924,-0.726026276,-0.290750717,reconstruction,NA
1760,NA,-0.46611914,-0.578797183,-0.354413446,-0.683408976,-0.239140245,reconstruction,NA
1761,NA,-0.463396521,-0.577588976,-0.34998783,-0.691265763,-0.241437595,reconstruction,NA
1762,NA,-0.479443094,-0.588965443,-0.369547878,-0.705499823,-0.266680547,reconstruction,NA
1763,NA,-0.597379539,-0.704723815,-0.488532472,-0.81833082,-0.385267993,reconstruction,NA
1764,NA,-0.596847624,-0.708235398,-0.486723731,-0.817963168,-0.377969932,reconstruction,NA
1765,NA,-0.573006296,-0.684490617,-0.462230396,-0.793439943,-0.353965789,reconstruction,NA
1766,NA,-0.519775721,-0.629131629,-0.41148508,-0.738893512,-0.306766343,reconstruction,NA
1767,NA,-0.530428614,-0.640717227,-0.421729941,-0.751178649,-0.307709416,reconstruction,NA
1768,NA,-0.515282072,-0.625902523,-0.402900678,-0.735053975,-0.298931336,reconstruction,NA
1769,NA,-0.524368057,-0.633333322,-0.412443267,-0.745048026,-0.308725223,reconstruction,NA
1770,NA,-0.516791223,-0.625077727,-0.409076614,-0.723937959,-0.305778964,reconstruction,NA
1771,NA,-0.533954805,-0.646007046,-0.422746805,-0.749199792,-0.321120381,reconstruction,NA
1772,NA,-0.507295672,-0.61781671,-0.398451765,-0.72589339,-0.293578578,reconstruction,NA
1773,NA,-0.503588018,-0.611779899,-0.394284946,-0.722644344,-0.27854017,reconstruction,NA
1774,NA,-0.462792021,-0.57458726,-0.352004405,-0.68247712,-0.248662202,reconstruction,NA
1775,NA,-0.476733547,-0.585590545,-0.368911361,-0.685512449,-0.260384437,reconstruction,NA
1776,NA,-0.506516862,-0.615321202,-0.39731771,-0.720123361,-0.290851441,reconstruction,NA
1777,NA,-0.495641805,-0.60123295,-0.390809243,-0.712810423,-0.280851307,reconstruction,NA
1778,NA,-0.476381999,-0.583223912,-0.367595763,-0.691542529,-0.262002615,reconstruction,NA
1779,NA,-0.457969841,-0.564782371,-0.351532823,-0.674057066,-0.246245517,reconstruction,NA
1780,NA,-0.468516989,-0.578201869,-0.359198927,-0.685285089,-0.254805969,reconstruction,NA
1781,NA,-0.437684458,-0.545710728,-0.33106459,-0.644472847,-0.219119623,reconstruction,NA
1782,NA,-0.459139242,-0.56551111,-0.351452855,-0.669837438,-0.246334643,reconstruction,NA
1783,NA,-0.488439572,-0.597267888,-0.381018146,-0.703268478,-0.270537813,reconstruction,NA
1784,NA,-0.545850975,-0.660038202,-0.434341658,-0.770753906,-0.32193458,reconstruction,NA
1785,NA,-0.629990263,-0.753866352,-0.503211409,-0.879123999,-0.390165968,reconstruction,NA
1786,NA,-0.594417231,-0.714629036,-0.472845662,-0.836644176,-0.353800386,reconstruction,NA
1787,NA,-0.501168205,-0.615914518,-0.386538451,-0.741274609,-0.262327349,reconstruction,NA
1788,NA,-0.527107019,-0.641413438,-0.414693339,-0.755780573,-0.308499705,reconstruction,NA
1789,NA,-0.435729216,-0.545704232,-0.323344965,-0.661367275,-0.214421212,reconstruction,NA
1790,NA,-0.43802807,-0.55077082,-0.327379475,-0.657286996,-0.225740893,reconstruction,NA
1791,NA,-0.454759848,-0.572475768,-0.34239476,-0.679972395,-0.23042835,reconstruction,NA
1792,NA,-0.450759342,-0.561387634,-0.338321121,-0.671444442,-0.236769551,reconstruction,NA
1793,NA,-0.494698722,-0.609369468,-0.38270811,-0.719481903,-0.278514015,reconstruction,NA
1794,NA,-0.487850068,-0.597169873,-0.378354698,-0.706218874,-0.268529412,reconstruction,NA
1795,NA,-0.479773372,-0.587758431,-0.372632863,-0.701755378,-0.262712041,reconstruction,NA
1796,NA,-0.486910625,-0.595796693,-0.374419253,-0.70812512,-0.269232002,reconstruction,NA
1797,NA,-0.452390639,-0.559599926,-0.34414861,-0.664963136,-0.231155295,reconstruction,NA
1798,NA,-0.516965888,-0.624572766,-0.410489825,-0.731887825,-0.303511161,reconstruction,NA
1799,NA,-0.485377991,-0.593817416,-0.375818667,-0.696822418,-0.278951508,reconstruction,NA
1800,NA,-0.488687997,-0.596226934,-0.380326645,-0.704452977,-0.28267273,reconstruction,NA
1801,NA,-0.489362751,-0.599181178,-0.382162632,-0.704998758,-0.271281635,reconstruction,NA
1802,NA,-0.437138043,-0.547443336,-0.327785776,-0.645953802,-0.21933314,reconstruction,NA
1803,NA,-0.467283682,-0.576098876,-0.359023659,-0.677294105,-0.253496982,reconstruction,NA
1804,NA,-0.454920195,-0.564648296,-0.344716936,-0.674712133,-0.235837198,reconstruction,NA
1805,NA,-0.510552358,-0.61926628,-0.400857192,-0.733934262,-0.290141343,reconstruction,NA
1806,NA,-0.505800824,-0.616028689,-0.397209437,-0.720001751,-0.287477414,reconstruction,NA
1807,NA,-0.455159513,-0.562542302,-0.34947932,-0.675035548,-0.236179321,reconstruction,NA
1808,NA,-0.439530634,-0.546460861,-0.331654454,-0.65591328,-0.220187097,reconstruction,NA
1809,NA,-0.443406475,-0.554199624,-0.334554099,-0.657645684,-0.227139016,reconstruction,NA
1810,NA,-0.657247359,-0.773193305,-0.541784304,-0.892389218,-0.425833695,reconstruction,NA
1811,NA,-0.710436669,-0.82937653,-0.592001032,-0.949447081,-0.480937752,reconstruction,NA
1812,NA,-0.651056144,-0.765081337,-0.537355468,-0.884718917,-0.425653465,reconstruction,NA
1813,NA,-0.619650019,-0.733517134,-0.508466547,-0.845092239,-0.400605961,reconstruction,NA
1814,NA,-0.548132223,-0.65944671,-0.43456126,-0.777322919,-0.323146636,reconstruction,NA
1815,NA,-0.537564023,-0.650276017,-0.426586936,-0.761445979,-0.314710064,reconstruction,NA
1816,NA,-0.717666298,-0.83371226,-0.5999482,-0.952086752,-0.490896162,reconstruction,NA
1817,NA,-0.802040158,-0.933758789,-0.667481992,-1.06548028,-0.551483898,reconstruction,NA
1818,NA,-0.717096221,-0.844728814,-0.58792427,-0.975951793,-0.472201978,reconstruction,NA
1819,NA,-0.646602341,-0.765100308,-0.528268382,-0.880992143,-0.419678457,reconstruction,NA
1820,NA,-0.542816734,-0.657547313,-0.427618728,-0.7748276,-0.322436477,reconstruction,NA
1821,NA,-0.515558175,-0.627301249,-0.403511361,-0.741022784,-0.298120262,reconstruction,NA
1822,NA,-0.514371563,-0.628902583,-0.402531934,-0.738551843,-0.298061056,reconstruction,NA
1823,NA,-0.45210741,-0.56714419,-0.337978092,-0.674065587,-0.23398695,reconstruction,NA
1824,NA,-0.448580654,-0.559747734,-0.338407695,-0.665899739,-0.232126581,reconstruction,NA
1825,NA,-0.481317542,-0.59122615,-0.370145358,-0.698575255,-0.268914433,reconstruction,NA
1826,NA,-0.48156912,-0.590170287,-0.371952611,-0.703455923,-0.272919975,reconstruction,NA
1827,NA,-0.433850452,-0.545158627,-0.323546308,-0.658169416,-0.218912462,reconstruction,NA
1828,NA,-0.448149352,-0.56124525,-0.33582278,-0.667391445,-0.227003366,reconstruction,NA
1829,NA,-0.493159365,-0.602581068,-0.381851743,-0.710140267,-0.277139128,reconstruction,NA
1830,NA,-0.518331412,-0.630842734,-0.406627212,-0.737240714,-0.299048229,reconstruction,NA
1831,NA,-0.48120075,-0.589851085,-0.373575934,-0.697905586,-0.262270219,reconstruction,NA
1832,NA,-0.547590748,-0.659091588,-0.436780884,-0.769946929,-0.321333225,reconstruction,NA
1833,NA,-0.592525903,-0.704044649,-0.4771839,-0.819968342,-0.37046173,reconstruction,NA
1834,NA,-0.541605052,-0.653756692,-0.428187203,-0.764091148,-0.323936183,reconstruction,NA
1835,NA,-0.485662284,-0.597234069,-0.372694649,-0.705933257,-0.264812103,reconstruction,NA
1836,NA,-0.567013006,-0.682595368,-0.45463134,-0.796395119,-0.345369505,reconstruction,NA
1837,NA,-0.616813594,-0.729310005,-0.501523591,-0.844752659,-0.392583652,reconstruction,NA
1838,NA,-0.577548031,-0.687569054,-0.467359946,-0.80453144,-0.35760831,reconstruction,NA
1839,NA,-0.554653574,-0.662781937,-0.44649659,-0.782520976,-0.33650854,reconstruction,NA
1840,NA,-0.543651412,-0.656134438,-0.432597777,-0.762731777,-0.328969739,reconstruction,NA
1841,NA,-0.502478592,-0.611372433,-0.39266146,-0.720868416,-0.282018172,reconstruction,NA
1842,NA,-0.46014203,-0.57003019,-0.346618427,-0.679457514,-0.241517755,reconstruction,NA
1843,NA,-0.443284512,-0.555834858,-0.333648964,-0.66377727,-0.226998601,reconstruction,NA
1844,NA,-0.447973363,-0.558932432,-0.334223071,-0.668812049,-0.234969461,reconstruction,NA
1845,NA,-0.424909773,-0.530994182,-0.317106753,-0.639975952,-0.215715262,reconstruction,NA
1846,NA,-0.437702856,-0.5449387,-0.33074737,-0.650958516,-0.221958314,reconstruction,NA
1847,NA,-0.453266769,-0.560049314,-0.344293191,-0.667677541,-0.240751424,reconstruction,NA
1848,NA,-0.459722687,-0.566276364,-0.35174968,-0.675696216,-0.24739097,reconstruction,NA
1849,NA,-0.466880628,-0.571898247,-0.361610382,-0.680716353,-0.253099712,reconstruction,NA
1850,NA,-0.476039366,-0.573319284,-0.380642311,-0.667096122,-0.286876345,reconstruction,NA
1850,-0.42648312,-0.476417933,-0.584375538,-0.368984321,-0.68800671,-0.265820743,instrumental,0.049934813
1851,-0.2635183,-0.479250812,-0.589029426,-0.369049732,-0.695651562,-0.263537124,instrumental,0.215732512
1852,-0.22405294,-0.432524087,-0.542914934,-0.323081221,-0.646819772,-0.209618147,instrumental,0.208471147
1853,-0.26234877,-0.478160277,-0.588770671,-0.367520276,-0.697485804,-0.258980484,instrumental,0.215811507
1854,-0.29358405,-0.462557894,-0.575387623,-0.350325396,-0.683782597,-0.237158738,instrumental,0.168973844
1855,-0.29138646,-0.441339309,-0.551965584,-0.328860861,-0.670804337,-0.223479622,instrumental,0.149952849
1856,-0.32809034,-0.480545216,-0.592525977,-0.369197997,-0.708846662,-0.259861756,instrumental,0.152454876
1857,-0.46585593,-0.459133661,-0.56971037,-0.350650392,-0.679847976,-0.237716513,instrumental,-0.006722269
1858,-0.3967561,-0.440664105,-0.551055248,-0.333471021,-0.661636336,-0.221186478,instrumental,0.043908005
1859,-0.29197732,-0.442238387,-0.550502188,-0.331801348,-0.664213141,-0.223479153,instrumental,0.150261067
1860,-0.40712935,-0.422587802,-0.533469958,-0.313588242,-0.641653062,-0.207129285,instrumental,0.015458452
1861,-0.4636966,-0.396365426,-0.507928472,-0.283650766,-0.623175919,-0.176831601,instrumental,-0.067331174
1862,-0.5548254,-0.468283472,-0.579581954,-0.355250866,-0.68834572,-0.250743812,instrumental,-0.086541928
1863,-0.3828465,-0.464458853,-0.576675436,-0.350598618,-0.684057919,-0.244870593,instrumental,0.081612353
1864,-0.494137,-0.442739129,-0.554699982,-0.331774333,-0.661482544,-0.221845646,instrumental,-0.051397871
1865,-0.39224166,-0.456674664,-0.569025024,-0.344138952,-0.679170973,-0.237418987,instrumental,0.064433004
1866,-0.4001619,-0.418676273,-0.528927415,-0.30904108,-0.638215394,-0.203336156,instrumental,0.018514373
1867,-0.39941457,-0.411346427,-0.524008531,-0.297751058,-0.640045319,-0.189588295,instrumental,0.011931857
1868,-0.36312076,-0.429189767,-0.539246465,-0.317832466,-0.654772185,-0.210518808,instrumental,0.066069007
1869,-0.31852213,-0.446989823,-0.556755831,-0.337402923,-0.671558948,-0.234277636,instrumental,0.128467693
1870,-0.32778123,-0.422437856,-0.531157146,-0.311355552,-0.645865868,-0.204485283,instrumental,0.094656626
1871,-0.37342322,-0.436434875,-0.5449535,-0.32606517,-0.658250856,-0.220038398,instrumental,0.063011655
1872,-0.30945122,-0.416415061,-0.52707549,-0.304370435,-0.640544855,-0.197910807,instrumental,0.106963841
1873,-0.32117823,-0.341149131,-0.453806828,-0.228905131,-0.561530894,-0.12383943,instrumental,0.019970901
1874,-0.36541122,-0.405088912,-0.513394348,-0.294773722,-0.62668406,-0.189536331,instrumental,0.039677692
1875,-0.3667476,-0.38768023,-0.500295261,-0.274734984,-0.601724546,-0.167134495,instrumental,0.02093263
1876,-0.41084635,-0.421734867,-0.532590262,-0.311916664,-0.64291903,-0.197674889,instrumental,0.010888517
1877,-0.082424335,-0.439363858,-0.548209506,-0.327550853,-0.663274379,-0.225262678,instrumental,0.356939523
1878,0.010314008,-0.405565568,-0.514454861,-0.295896132,-0.61803423,-0.188042314,instrumental,0.415879576
1879,-0.28873557,-0.434359776,-0.544357859,-0.323325786,-0.655175677,-0.220431145,instrumental,0.145624206
1880,-0.3031736,-0.42647889,-0.534512788,-0.31771292,-0.650591976,-0.208184601,instrumental,0.12330529
1881,-0.2130113,-0.425464546,-0.534703118,-0.31504722,-0.648837157,-0.211907759,instrumental,0.212453246
1882,-0.27210787,-0.360407531,-0.471209145,-0.248538852,-0.577358967,-0.151123846,instrumental,0.088299661
1883,-0.32755712,-0.368820158,-0.480836244,-0.257855926,-0.589275766,-0.147673289,instrumental,0.041263038
1884,-0.47444913,-0.497239482,-0.610361769,-0.384493027,-0.730426515,-0.271013707,instrumental,0.022790352
1885,-0.45813233,-0.500818151,-0.614435249,-0.386448259,-0.734406254,-0.281197728,instrumental,0.042685821
1886,-0.4081737,-0.445247078,-0.555907215,-0.334208876,-0.671707407,-0.22338886,instrumental,0.037073378
1887,-0.48834157,-0.419236223,-0.529551424,-0.310398815,-0.644798486,-0.1984837,instrumental,-0.069105347
1888,-0.37258717,-0.386659785,-0.495867102,-0.274914113,-0.610728093,-0.174880505,instrumental,0.014072615
1889,-0.250402,-0.350885511,-0.461878838,-0.241998116,-0.570680678,-0.131204324,instrumental,0.100483511
1890,-0.5002501,-0.361612528,-0.473093494,-0.248141642,-0.578233816,-0.145318799,instrumental,-0.138637572
1891,-0.3975334,-0.414222601,-0.52488853,-0.302096954,-0.631189357,-0.200438619,instrumental,0.016689201
1892,-0.506568,-0.407820051,-0.515965036,-0.299223208,-0.62658663,-0.191093522,instrumental,-0.098747949
1893,-0.49494615,-0.357997149,-0.467091572,-0.248677015,-0.579218631,-0.138535779,instrumental,-0.136949001
1894,-0.47874618,-0.287373613,-0.39812402,-0.176756955,-0.506661128,-0.074664403,instrumental,-0.191372567
1895,-0.44183642,-0.352296033,-0.460060448,-0.243245016,-0.567103997,-0.138152066,instrumental,-0.089540387
1896,-0.27859443,-0.354797641,-0.462604569,-0.248288161,-0.571509985,-0.144915739,instrumental,0.076203211
1897,-0.25465065,-0.328714133,-0.438019222,-0.215674848,-0.543243046,-0.114472012,instrumental,0.074063483
1898,-0.4740416,-0.338004891,-0.447165955,-0.229634502,-0.555866478,-0.122404541,instrumental,-0.136036709
1899,-0.34430692,-0.39343767,-0.50531643,-0.284240324,-0.618498371,-0.170884205,instrumental,0.04913075
1900,-0.2301605,-0.337286504,-0.449237091,-0.226883398,-0.557799446,-0.117042814,instrumental,0.107126004
1901,-0.28715286,-0.305803747,-0.4144495,-0.19573441,-0.523942977,-0.092409361,instrumental,0.018650887
1902,-0.43739372,-0.420461161,-0.531048904,-0.308942026,-0.640557848,-0.200294006,instrumental,-0.016932559
1903,-0.53521234,-0.390624577,-0.50162249,-0.278431918,-0.608568767,-0.177266695,instrumental,-0.144587763
1904,-0.5970666,-0.394765824,-0.504779355,-0.285388242,-0.612933868,-0.17496472,instrumental,-0.202300776
1905,-0.4059443,-0.368817461,-0.477985534,-0.259472975,-0.590574691,-0.152289952,instrumental,-0.037126839
1906,-0.3153704,-0.366963616,-0.473268015,-0.256236518,-0.589510298,-0.152707704,instrumental,0.051593216
1907,-0.49948096,-0.309541458,-0.419623313,-0.199870387,-0.525685708,-0.092002798,instrumental,-0.189939502
1908,-0.506553,-0.312133093,-0.419689103,-0.200747844,-0.529167733,-0.10014323,instrumental,-0.194419907
1909,-0.5329032,-0.369808644,-0.480858482,-0.259820771,-0.589587295,-0.160110423,instrumental,-0.163094556
1910,-0.52208275,-0.329490545,-0.44043357,-0.219200174,-0.549049125,-0.109988471,instrumental,-0.192592205
1911,-0.5397962,-0.281393416,-0.394134638,-0.169161199,-0.497997829,-0.062133471,instrumental,-0.258402784
1912,-0.47614592,-0.339762752,-0.44848505,-0.229227303,-0.556792715,-0.117608282,instrumental,-0.136383168
1913,-0.46351784,-0.365784754,-0.474964568,-0.255636272,-0.586035676,-0.152116057,instrumental,-0.097733086
1914,-0.25945395,-0.338317151,-0.449894765,-0.227987628,-0.560759625,-0.124402931,instrumental,0.078863201
1915,-0.19058554,-0.259156486,-0.37105231,-0.148221886,-0.481916742,-0.03898259,instrumental,0.068570946
1916,-0.4202234,-0.31290832,-0.42427287,-0.201456362,-0.532918552,-0.095066484,instrumental,-0.10731508
1917,-0.54389346,-0.289229114,-0.39855425,-0.179591677,-0.502645488,-0.072904535,instrumental,-0.254664346
1918,-0.42603204,-0.286096226,-0.398477955,-0.175186847,-0.505958918,-0.072908345,instrumental,-0.139935814
1919,-0.33239284,-0.277015567,-0.388006804,-0.167182817,-0.497325246,-0.060263046,instrumental,-0.055377273
1920,-0.3043932,-0.247654235,-0.356083639,-0.140041168,-0.464465986,-0.024768085,instrumental,-0.056738965
1921,-0.24139357,-0.239491986,-0.348960187,-0.130907455,-0.454570125,-0.025805834,instrumental,-0.001901584
1922,-0.33813047,-0.210002933,-0.32031668,-0.10227374,-0.432997521,0.007627231,instrumental,-0.128127537
1923,-0.31455243,-0.283197074,-0.393880015,-0.174842487,-0.501285404,-0.067843479,instrumental,-0.031355356
1924,-0.30850247,-0.187739098,-0.297250054,-0.077153222,-0.403970063,0.027584519,instrumental,-0.120763372
1925,-0.27959844,-0.200567055,-0.307688291,-0.089394807,-0.420149106,0.018849078,instrumental,-0.079031385
1926,-0.12212841,-0.198724292,-0.309336817,-0.087434122,-0.419818445,0.019543748,instrumental,0.076595882
1927,-0.22583558,-0.206619692,-0.317662787,-0.095371354,-0.424679758,0.012451822,instrumental,-0.019215888
1928,-0.20841403,-0.241829949,-0.353250542,-0.131099613,-0.459693694,-0.029876956,instrumental,0.033415919
1929,-0.39031282,-0.246351878,-0.35698833,-0.137384644,-0.464031829,-0.026090176,instrumental,-0.143960942
1930,-0.16988263,-0.191568507,-0.300915388,-0.08090332,-0.407721381,0.022656943,instrumental,0.021685877
1931,-0.1058187,-0.209053733,-0.318880873,-0.101628997,-0.420953407,0.00837116,instrumental,0.103235033
1932,-0.14998208,-0.193526797,-0.301770442,-0.08449891,-0.414517465,0.02635865,instrumental,0.043544717
1933,-0.32830995,-0.180935824,-0.29079742,-0.071907328,-0.399634773,0.031825893,instrumental,-0.147374126
1934,-0.17704633,-0.172028435,-0.278022329,-0.064201264,-0.386729132,0.039626178,instrumental,-0.005017895
1935,-0.21286961,-0.174014376,-0.283465916,-0.065635063,-0.394320302,0.044818744,instrumental,-0.038855234
1936,-0.17097212,-0.213507024,-0.32573582,-0.10033409,-0.43459278,0.005227296,instrumental,0.042534904
1937,-0.016047625,-0.129076323,-0.239363368,-0.021588989,-0.348165816,0.086738561,instrumental,0.113028698
1938,-0.012892606,-0.121549473,-0.233647371,-0.009847015,-0.342305831,0.094016274,instrumental,0.108656867
1939,-0.041802097,-0.163826054,-0.273265276,-0.05503107,-0.384448399,0.05043443,instrumental,0.122023957
1940,0.07382538,-0.147841265,-0.259388527,-0.038361385,-0.368863056,0.068900739,instrumental,0.221666645
1941,0.0343529,-0.163729432,-0.271845972,-0.057458943,-0.3820665,0.059890151,instrumental,0.198082332
1942,-0.000511215,-0.14383112,-0.253505791,-0.037687888,-0.360179398,0.072798746,instrumental,0.143319905
1943,0.006359564,-0.119967699,-0.228912103,-0.010623559,-0.330927788,0.096879089,instrumental,0.126327263
1944,0.14462824,-0.11397422,-0.223167406,-0.006362011,-0.332538471,0.102598617,instrumental,0.25860246
1945,0.042905577,-0.133525791,-0.246977209,-0.023288081,-0.347672867,0.084037732,instrumental,0.176431368
1946,-0.12273554,-0.134175732,-0.245952704,-0.022426141,-0.351274246,0.083703093,instrumental,0.011440192
1947,-0.09599444,-0.107053196,-0.21606632,0.002317337,-0.327098482,0.112373132,instrumental,0.011058756
1948,-0.12916893,-0.118783636,-0.230216704,-0.008178091,-0.339050993,0.100042061,instrumental,-0.010385294
1949,-0.15387155,-0.138190069,-0.248487243,-0.027479146,-0.352692202,0.076612082,instrumental,-0.015681481
1950,-0.23965624,-0.122723279,-0.233996006,-0.012848744,-0.330713651,0.094259632,instrumental,-0.116932961
1951,-0.071880795,-0.122211509,-0.231375248,-0.014037245,-0.332265958,0.098630022,instrumental,0.050330714
1952,0.010809038,-0.165157011,-0.275495332,-0.054563799,-0.384403996,0.054453303,instrumental,0.175966049
1953,0.076973155,-0.136390247,-0.248828684,-0.027351402,-0.360732355,0.084792744,instrumental,0.213363402
1954,-0.11753129,-0.095661412,-0.208170452,0.014661934,-0.321198472,0.122516585,instrumental,-0.021869878
1955,-0.19868241,-0.100835846,-0.210758062,0.008703495,-0.321318112,0.11618838,instrumental,-0.097846564
1956,-0.2649682,-0.12040285,-0.231489702,-0.008828597,-0.338182748,0.09591003,instrumental,-0.14456535
1957,-0.03491676,-0.15560742,-0.266900516,-0.045071788,-0.381362508,0.065363169,instrumental,0.12069066
1958,-0.01647502,-0.101636873,-0.21195824,0.007035735,-0.317661246,0.114708427,instrumental,0.085161853
1959,-0.046526894,-0.072829649,-0.183344582,0.03844047,-0.288061031,0.140324548,instrumental,0.026302755
1960,-0.11337057,-0.079013708,-0.1894231,0.030826851,-0.297651382,0.1415045,instrumental,-0.034356862
1961,-0.014400931,-0.107856752,-0.216514246,0.004174002,-0.330202057,0.116553944,instrumental,0.093455821
1962,-0.05883604,-0.104460718,-0.217189756,0.007656676,-0.33253252,0.113893312,instrumental,0.045624678
1963,-0.031402845,-0.14746168,-0.256000738,-0.040604241,-0.368788188,0.066761102,instrumental,0.116058835
1964,-0.30211917,-0.160216129,-0.269759147,-0.050478533,-0.382933441,0.057774602,instrumental,-0.141903041
1965,-0.2022982,-0.163952923,-0.274630918,-0.052916493,-0.381428525,0.050653331,instrumental,-0.038345277
1966,-0.14536367,-0.110152727,-0.218913757,-0.001945524,-0.332347212,0.108693159,instrumental,-0.035210943
1967,-0.11570757,-0.087220499,-0.196460035,0.025044633,-0.305240875,0.127601454,instrumental,-0.028487071
1968,-0.16396339,-0.082598245,-0.19407974,0.027846971,-0.306530168,0.134187129,instrumental,-0.081365145
1969,-0.027795328,-0.000841579,-0.114050371,0.110195138,-0.221023047,0.219377535,instrumental,-0.026953749
1970,-0.0840156,-0.025607065,-0.135351038,0.086736602,-0.24460861,0.194869384,instrumental,-0.058408535
1971,-0.20408149,-0.025384018,-0.131637642,0.085542922,-0.23981531,0.18991277,instrumental,-0.178697472
1972,-0.09017859,-0.043397027,-0.154842508,0.067993433,-0.268397978,0.172572727,instrumental,-0.046781563
1973,0.05247674,-0.007622797,-0.118427831,0.10368782,-0.228653896,0.209893449,instrumental,0.060099537
1974,-0.16868283,0.004763968,-0.105380637,0.113632156,-0.214249524,0.223529343,instrumental,-0.173446798
1975,-0.105973646,0.012190832,-0.101261751,0.124623797,-0.208574771,0.238495269,instrumental,-0.118164478
1976,-0.21080548,0.037401013,-0.073718205,0.148018716,-0.182554378,0.260755162,instrumental,-0.248206493
1977,0.105095536,0.024344137,-0.084742603,0.133027326,-0.193522719,0.239788541,instrumental,0.080751399
1978,0.005504774,0.044598153,-0.066986109,0.157038137,-0.175526355,0.265585136,instrumental,-0.039093379
1979,0.0881039,0.080241068,-0.031098979,0.188132554,-0.13805889,0.29737472,instrumental,0.007862832
1980,0.1915224,0.081299766,-0.031821607,0.19366037,-0.142637967,0.304280037,instrumental,0.110222634
1981,0.24696657,0.105211602,-0.008190474,0.216033302,-0.116202066,0.331046385,instrumental,0.141754968
1982,0.030967088,0.124593807,0.014284912,0.237810196,-0.095196576,0.34287904,instrumental,-0.093626719
1983,0.22084606,0.071805539,-0.040407813,0.185124601,-0.14544226,0.289445803,instrumental,0.149040521
1984,0.04603783,0.05331877,-0.056568966,0.166545828,-0.170611786,0.270107301,instrumental,-0.00728094
1985,0.045988217,0.125127511,0.014311899,0.234548878,-0.095132443,0.343611536,instrumental,-0.079139294
1986,0.09232101,0.198764111,0.086327734,0.31026026,-0.021439054,0.427595561,instrumental,-0.106443101
1987,0.23820166,0.175531248,0.064688036,0.289633577,-0.05053496,0.396575277,instrumental,0.062670412
1988,0.27761188,0.259367062,0.149027941,0.369178402,0.033247429,0.485432623,instrumental,0.018244818
1989,0.17489623,0.232375959,0.11841877,0.346422132,0.008688756,0.459455848,instrumental,-0.057479729
1990,0.35504323,0.255197198,0.14148289,0.370488277,0.029395937,0.47258068,instrumental,0.099846032
1991,0.3338096,0.254346532,0.139391518,0.365693308,0.032818612,0.477943877,instrumental,0.079463068
1992,0.12002608,0.183329525,0.066167619,0.30056458,-0.044014374,0.412748351,instrumental,-0.063303445
1993,0.16109136,0.186878366,0.070527333,0.303826624,-0.037989293,0.420640559,instrumental,-0.025787006
1994,0.22744027,0.289822503,0.174686697,0.404005492,0.062190209,0.517684062,instrumental,-0.062382233
1995,0.37113267,0.252854679,0.141054275,0.366877751,0.026797808,0.480808424,instrumental,0.118277991
1996,0.2708395,0.304458213,0.188838581,0.418312801,0.081554709,0.536753636,instrumental,-0.033618713
1997,0.41507134,0.336958741,0.220488966,0.45293946,0.109103489,0.571768893,instrumental,0.078112599
1998,0.571961,0.373447042,0.260743748,0.486464384,0.145309116,0.598851529,instrumental,0.198513958
1999,0.3180378,0.303296666,0.184742266,0.421404111,0.073355951,0.532599907,instrumental,0.014741134
2000,0.32550883,0.359242496,0.243377012,0.475574466,0.124967332,0.590229873,instrumental,-0.033733666