year,CO2,volcanic,solar
1700,276.747,0.00591670817353551,1364.7435902459
1701,276.746,0.00485087234926681,1364.74618540009
1702,276.75,0.0044928186642432,1364.74901917878
1703,276.758,0.00437254184600414,1364.75227414088
1704,276.757,0.00433213944223115,1364.75613284529
1705,276.755,0.00431856761720678,1364.76077785092
1706,276.749,0.00431400859559718,1364.76639171666
1707,276.743,0.00431247708315701,1364.77315700143
1708,276.745,0.0207722374308713,1364.78125626412
1709,276.739,0.013582679715014,1364.79087206365
1710,276.736,0.00763594410898647,1364.8021869589
1711,276.741,0.005443219279494,1364.81532675734
1712,276.733,0.00469316344238809,1364.83019026058
1713,276.731,0.00443999281985081,1364.84661951876
1714,276.725,0.00435481532166633,1364.86445658204
1715,276.723,0.00432618704116994,1364.88354350058
1716,276.717,0.00431656876384341,1364.90372232454
1717,276.716,0.00431333734938037,1364.92483510406
1718,276.717,0.00431225164511102,1364.94672388931
1719,276.71,0.00431188713147319,1364.96923073044
1720,276.706,0.0172718186365688,1364.9921976776
1721,276.695,0.0221627572781294,1365.01541312731
1722,276.698,0.0196912640409859,1365.03845086158
1723,276.701,0.0102015971386807,1365.06083100877
1724,276.7,0.00633647318154872,1365.08207369724
1725,276.708,0.00499570304292039,1365.10169905536
1726,276.718,0.00454187034745791,1365.11922721151
1727,276.719,0.00438906704993593,1365.13417829403
1728,276.712,0.00433769607396854,1365.1460724313
1729,276.707,0.0611090229029484,1365.15442975169
1730,276.715,0.0406410162212616,1365.15877038356
1731,276.723,0.0174690211547786,1365.15884397334
1732,276.73,0.00879750404950284,1365.1553182397
1733,276.733,0.00582451467413463,1365.14909041939
1734,276.739,0.00482053480927637,1365.14105774915
1735,276.753,0.00448270619891405,1365.13211746572
1736,276.76,0.00436915492857514,1365.12316680584
1737,276.773,0.0043310029737124,1365.11510300625
1738,276.79,0.00431818637502605,1365.10882330368
1739,276.812,0.0144263650448941,1365.10522493489
1740,276.835,0.0388962219343026,1365.10520513661
1741,276.855,0.0195108105622604,1365.10933284138
1742,276.876,0.00963110817646566,1365.11686376492
1743,276.901,0.0061149772987728,1365.12672531874
1744,276.926,0.0049190661882323,1365.13784491437
1745,276.953,0.00451591180343675,1365.14914996331
1746,276.986,0.00438032262666056,1365.1595678771
1747,277.014,0.00433475647493357,1365.16802606724
1748,277.044,0.00431944744634197,1365.17345194525
1749,277.08,0.00431430448177741,1365.17477292265
1750,277.109,0.00431257686895295,1365.17091641096
1751,277.147,0.0043119965613704,1365.16130475974
1752,277.188,0.00431180152477293,1365.14734007077
1753,277.229,0.00431173564730348,1365.13091938386
1754,277.263,0.00431171359736629,1365.11393973883
1755,277.304,0.00594753303496277,1365.09829817551
1756,277.351,0.021306511612408,1365.08589173371
1757,277.389,0.0125389826478394,1365.07861745325
1758,277.442,0.00722096105975246,1365.07837237396
1759,277.489,0.00529968782236518,1365.08705353565
1760,277.54,0.00464460369600559,1365.10655797814
1761,277.605,0.00442364515937982,1365.13798922576
1762,277.664,0.0653261096585351,1365.17927674083
1763,277.732,0.0436599285769451,1365.22755647019
1764,277.796,0.018361847222608,1365.27996436067
1765,277.859,0.0090935651350215,1365.3336363591
1766,277.913,0.0269014040417587,1365.38570841231
1767,277.958,0.0266173295352881,1365.43331646713
1768,278.017,0.0128114864011495,1365.4735964704
1769,278.078,0.00723216213667376,1365.50368436894
1770,278.135,0.0176691954295891,1365.52071610959
1771,278.194,0.0125570990938658,1365.5227036038
1772,278.27,0.00728929295315096,1365.51116262154
1773,278.334,0.00532632022099728,1365.48848489737
1774,278.412,0.00465382862517543,1365.45706216588
1775,278.491,0.00442677104537785,1365.41928616164
1776,278.586,0.00435037292576527,1365.37754861924
1777,278.683,0.00432469473516284,1365.33424127325
1778,278.774,0.00431606725392537,1365.29175585826
1779,278.866,0.00431316891728364,1365.25248410884
1780,278.959,0.00431219532014914,1365.21881775956
1781,279.054,0.0043118682145351,1365.19260040096
1782,279.145,0.00431175797473212,1365.1734830473
1783,279.243,0.105789097608815,1365.16056856881
1784,279.34,0.188712716360881,1365.15295983568
1785,279.434,0.0812902585780439,1365.14975971815
1786,279.532,0.0482004692218936,1365.15007108643
1787,279.629,0.024346416461256,1365.15299681073
1788,279.729,0.0113373574294075,1365.15763976127
1789,279.831,0.00669253185302996,1365.16310280826
1790,279.933,0.00511336326212698,1365.16848882192
1791,280.037,0.00458120276053873,1365.17303424389
1792,280.141,0.00440225717405651,1365.17650980152
1793,280.241,0.00434212420607063,1365.1788197936
1794,280.332,0.00432192208736556,1365.1798685189
1795,280.415,0.00431513573101892,1365.1795602762
1796,280.4919999,0.0165659952564896,1365.17779936428
1797,280.5549999,0.0261705642052323,1365.17449008192
1798,280.6229999,0.0161190889890471,1365.1695367279
1799,280.6819999,0.00852770622287643,1365.162843601
1800,280.7529999,0.00574551840767722,1365.154315
1801,280.8339999,0.00479495690062708,1365.14393226518
1802,280.9189999,0.00447421417233413,1365.13198490285
1803,280.9939999,0.00436631456873539,1365.11883946081
1804,281.0729999,0.00433005029142972,1365.10486248688
1805,281.1569999,0.00431786591512057,1365.09042052886
1806,281.2339999,0.00431377284114927,1365.07588013455
1807,281.3219999,0.00431239813867314,1365.06160785177
1808,281.4089999,0.00431193630019284,1365.04797022833
1809,281.4959999,0.201681262603463,1365.03533381203
1810,281.5659999,0.14220997953708,1365.02406515068
1811,281.6479999,0.0539214792029512,1365.01450693403
1812,281.7179999,0.0211494559909166,1365.00690641957
1813,281.7899999,0.00997711998292322,1365.00148700671
1814,281.8579999,0.00621541326851098,1364.9984720949
1815,281.9309999,0.198105697562508,1364.99808508354
1816,281.9919999,0.256698500357614,1365.00054937208
1817,282.0589999,0.10008628568079,1365.00608835994
1818,282.1269999,0.0369670753153077,1365.01492544653
1819,282.1999999,0.0153025670070023,1365.0272840313
1820,282.2719999,0.00800458248659113,1365.04338751366
1821,282.3459999,0.0105848353693752,1365.06332235023
1822,282.4149999,0.0101465322090203,1365.08662722638
1823,282.4769999,0.0226219075233282,1365.11270388466
1824,282.5399999,0.0130295251441966,1365.14095406764
1825,282.6179999,0.00735801816953829,1365.17077951786
1826,282.6759999,0.00534037492448023,1365.20158197788
1827,282.6929999,0.00465749215600566,1365.23276319026
1828,282.6929999,0.00442786877623676,1365.26372489756
1829,282.7079999,0.00435072497831349,1365.29386884233
1830,282.7609999,0.00432481060458441,1365.32259676712
1831,282.8249999,0.136772445133622,1365.34938931125
1832,282.8909999,0.0812748214071708,1365.37404270101
1833,282.9219999,0.031290868034486,1365.39643205945
1834,282.9659999,0.0135386230153885,1365.41643250961
1835,283.0279999,0.106105007440462,1365.43391917454
1836,283.0859999,0.0702429497497069,1365.44876717728
1837,283.1489999,0.027894308057264,1365.46085164089
1838,283.1979999,0.0123298020922158,1365.4700476884
1839,283.2529999,0.00701116475993938,1365.47623044286
1840,283.3109999,0.00521898436617706,1365.47927502732
1841,283.3819999,0.00461652102740649,1365.4791639935
1842,283.4669999,0.00441410075275952,1365.47630960777
1843,283.5279999,0.00434610025082239,1365.4712315652
1844,283.5659999,0.00432325752175915,1365.46444956084
1845,283.6089999,0.00431558404218439,1365.45648328975
1846,283.7249999,0.0262272768140234,1365.44785244699
1847,283.8469999,0.018330204761305,1365.4390767276
1848,283.9359999,0.00938877516090306,1365.43067582665
1849,284.0679999,0.00604266098737514,1365.42316943919
1850,284.2069999,0.00489545925958713,1365.41707726027
1851,284.3169999,0.00450804849877987,1365.41278670699
1852,284.4509998,0.00437768887222958,1365.41015608456
1853,284.5979998,0.0156560427141077,1365.40891142023
1854,284.7309998,0.0335475844326493,1365.40877874123
1855,284.8459998,0.0216594236642503,1365.40948407483
1856,284.9409998,0.0105741780117413,1365.41075344826
1857,285.0489998,0.00644543746262978,1365.41231288877
1858,285.2039998,0.00503116603934866,1365.4138884236
1859,285.3689998,0.00455367878185649,1365.41520608002
1860,285.5449998,0.0043930220951084,1365.41599188525
1861,285.7389997,0.00433896140684605,1365.41601168802
1862,285.9329997,0.0671158519099842,1365.41519062293
1863,286.0999997,0.0382093853334586,1365.41349364607
1864,286.2709997,0.0163948199091753,1365.41088571352
1865,286.4419997,0.0084193879486664,1365.40733178135
1866,286.6139996,0.00569491711558357,1365.40279680564
1867,286.7809996,0.00477664884377449,1365.39724574248
1868,286.9549996,0.00446791769108214,1365.39064354794
1869,287.1049996,0.00436418139808891,1365.3829551781
1870,287.2249996,0.00432933148017273,1365.37414558904
1871,287.3549996,0.00431762467054642,1365.36426496466
1872,287.4939995,0.00431369197920804,1365.3537044001
1873,287.6639995,0.0216317138819455,1365.34294021832
1874,287.8599995,0.0153907227966527,1365.33244874228
1875,288.0609995,0.0196347781146063,1365.32270629494
1876,288.2909994,0.0129148347785591,1365.31418919927
1877,288.5199994,0.00739340339455785,1365.30737377821
1878,288.7519994,0.0053602500315242,1365.30273635473
1879,288.9929994,0.00466513742294275,1365.30075325179
1880,289.2209994,0.00443056040574161,1365.30190079235
1881,289.4699993,0.00435164519333775,1365.30647372404
1882,289.7369993,0.00432512223265894,1365.31404049319
1883,290.0189993,0.0329715246911475,1365.32398797081
1884,290.2629992,0.105823576952162,1365.33570302788
1885,290.5119992,0.0476992388310797,1365.34857253542
1886,290.7969992,0.0232026351116184,1365.36198336442
1887,291.0999992,0.0177163212995474,1365.37532238588
1888,291.4139991,0.00923027295586031,1365.38797647081
1889,291.7629991,0.00597471470300238,1365.39933249021
1890,292.1129991,0.00852984870285151,1365.40877731507
1891,292.457999,0.00724335017397676,1365.41584050685
1892,292.815999,0.00535104007952374,1365.42062238884
1893,293.1669989,0.00466148541802962,1365.42336597475
1894,293.4769989,0.00442899055735698,1365.42431427834
1895,293.7909989,0.00435106062043683,1365.42371031332
1896,294.0789989,0.00432491760929842,1365.42179709344
1897,294.3649988,0.00431614110656021,1365.41881763242
1898,294.6459988,0.00431319346145146,1365.415014944
1899,294.9539987,0.00431220343975525,1365.41063204191
1900,295.2999986,0.00431187080616173,1365.40591193989
1901,295.6749984,0.00478819604452481,1365.40113720254
1902,296.006998,0.0165452012511826,1365.39674859799
1903,296.3249974,0.0519424655885059,1365.39322644523
1904,296.6539968,0.0292876829241181,1365.39105106326
1905,296.9539963,0.0110214944909311,1365.39070277108
1906,297.2889957,0.00582752077001437,1365.39266188768
1907,297.6619951,0.00770484955848994,1365.39740873207
1908,298.0979945,0.0058503716288671,1365.40542362324
1909,298.517994,0.00483742555572383,1365.41718688019
1910,298.9359935,0.00478819604452481,1365.43317882192
1911,299.3769929,0.00478819604452481,1365.45359849112
1912,299.8289923,0.0338061084335486,1365.47751982529
1913,300.3529917,0.0292940507018473,1365.50373548563
1914,300.9099911,0.0142923763237822,1365.53103813335
1915,301.4189908,0.00614077950705959,1365.55822042962
1916,301.9369903,0.00480943487267033,1365.58407503566
1917,302.4849897,0.00478830086957945,1365.60739461267
1918,303.0109891,0.00478819604452481,1365.62697182183
1919,303.4489886,0.00478819604452481,1365.64159932435
1920,303.8139883,0.00478819604452481,1365.65006978142
1921,304.2459877,0.00495267442166532,1365.65161673393
1922,304.5999873,0.00773281639241798,1365.6472372415
1923,304.9449868,0.00647239903721772,1365.63836924342
1924,305.2709861,0.00487186119790079,1365.62645067899
1925,305.6299855,0.00478819604452481,1365.61291948752
1926,305.812985,0.00478819604452481,1365.5992136083
1927,305.9539845,0.00483678066356552,1365.58677098064
1928,306.1769839,0.00587177161453312,1365.57702954384
1929,306.3289833,0.00897853568750707,1365.57142723719
1930,306.4949827,0.00501430532760655,1365.571402
1931,306.6199824,0.00501000417224059,1365.57797943418
1932,306.8219821,0.00867516820963589,1365.59053579208
1933,307.0929818,0.0056822139542496,1365.60803498866
1934,307.4019813,0.00482540560634403,1365.6294409389
1935,307.7849806,0.00478819604452481,1365.65371755775
1936,308.22698,0.00478819604452481,1365.67982876017
1937,309.0119793,0.00478819604452481,1365.70673846114
1938,309.7639786,0.00478819604452481,1365.73341057561
1939,310.2939782,0.00478819604452481,1365.75880901855
1940,310.8509776,0.00478819604452481,1365.78189770492
1941,311.3569769,0.00478819604452481,1365.80191302041
1942,311.8109763,0.00478819604452481,1365.8191812336
1943,312.1719757,0.00478819604452481,1365.83430108379
1944,312.3899752,0.00478819604452481,1365.84787131029
1945,312.4129748,0.00478819604452481,1365.86049065239
1946,312.3849746,0.00478819604452481,1365.8727578494
1947,312.389974,0.00478819604452481,1365.88527164063
1948,312.4859732,0.00478819604452481,1365.89863076537
1949,312.5209725,0.00478819604452481,1365.91343396293
1950,312.6319721,0.00478819604452481,1365.9302799726
1951,312.8209713,0.00478819604452481,1365.94948829099
1952,313.0139706,0.00478819604452481,1365.97026144384
1953,313.34197,0.00478819604452481,1365.9915227142
1954,313.7299694,0.00478819604452481,1366.01219538509
1955,314.0949688,0.00478819604452481,1366.03120273958
1956,314.414968,0.00478819604452481,1366.04746806068
1957,314.6979672,0.00478819604452481,1366.05991463145
1958,314.9919665,0.00478819604452481,1366.06746573492
1959,315.3449659,0.00478819604452481,1366.06904465413
1960,315.8069651,0.00478819604452481,1366.06357467213
1961,316.6249644,0.00501952122662076,1366.05045531267
1962,317.2989638,0.00880217711507894,1366.0309910624
1963,318.0439631,0.0586983246603462,1366.00696264867
1964,318.6499622,0.0468932671229216,1365.98015079884
1965,319.3329614,0.0309054316690761,1365.95233624028
1966,319.8159605,0.00764395004798586,1365.92529970034
1967,320.8799597,0.0108685327884236,1365.90082190637
1968,321.4799589,0.00874492547364338,1365.88068358575
1969,322.388958,0.00675672087015197,1365.86666546583
1970,323.250957,0.00682893236511228,1365.86054827397
1971,324.7829559,0.0107718171841254,1365.86354178604
1972,325.399955,0.0279798258463392,1365.87457197196
1973,327.3489541,0.00617632660693353,1365.89199385015
1974,329.9089531,0.012097636969628,1365.91416243904
1975,330.7559525,0.024589670429325,1365.93943275705
1976,330.826952,0.0115888409577392,1365.96615982262
1977,331.544951,0.0072579016459965,1365.99269865417
1978,333.3529501,0.00595866708859368,1366.01740427013
1979,335.0099494,0.0069056222205023,1366.03863168891
1980,336.6049484,0.00929011466008466,1366.05473592896
1981,338.7049479,0.0110517560901808,1366.0644652055
1982,340.0589478,0.0298727670169429,1366.06814052097
1983,340.6439474,0.0556103659517892,1366.06647607463
1984,342.2659473,0.0281234752537225,1366.06018606571
1985,344.0079495,0.0152878664198705,1366.04998469348
1986,345.4589538,0.0154620307125733,1366.03658615717
1987,346.9029481,0.011296170179465,1366.02070465604
1988,348.7749474,0.00840346067100303,1366.00305438933
1989,351.2759329,0.00639321987977585,1365.98434955629
1990,352.8939214,0.006697521954143,1365.96530435616
1991,354.0729301,0.0475443196225483,1365.94655434885
1992,355.3529349,0.107528221062444,1365.92842053678
1993,356.2289489,0.0584705783500617,1365.91114528305
1994,356.9249589,0.0181898043308911,1365.89497095074
1995,358.2539622,0.00936350144219393,1365.88013990293
1996,360.2389564,0.00607425197238407,1365.86689450271
1997,362.0049615,0.00485991480036995,1365.85547711315
1998,363.2519618,0.00480351007636827,1365.84613009735
1999,365.932958,0.0046229316896908,1365.83909581839
2000,367.8449748,0.00461260113295126,1365.83461663934
