"Year","RP1"
1,-0.308116940845573
2,-0.204693808305577
3,-0.206334131073901
4,-0.183701950803416
5,-0.113909220754428
6,-0.0203191064571378
7,0.0300614965410096
8,-0.00425678617795088
9,-0.165680712364559
10,-0.241393211336195
11,-0.258705634041208
12,-0.369867980252711
13,-0.0864647571957383
14,-0.14052702509238
15,-0.265407207850852
16,-0.22764614700949
17,-0.156439287571121
18,-0.245932117645118
19,-0.311696284423027
20,-0.367126373601939
21,-0.317609629601289
22,-0.301814381839352
23,-0.402506542679414
24,-0.409634269558803
25,-0.385648801620251
26,-0.368158069054017
27,-0.347149758275834
28,-0.301357718921771
29,-0.291409711633546
30,-0.296075637598752
31,-0.297969735792555
32,-0.36826615396851
33,-0.33024345543748
34,-0.305491595536345
35,-0.313613580342681
36,-0.440705799426629
37,-0.325339436183378
38,-0.381782580888876
39,-0.335429409329593
40,-0.492148789686167
41,-0.35910600894795
42,-0.305862454557569
43,-0.31262143286929
44,-0.226134427072168
45,-0.196456129767693
46,-0.257207988565907
47,-0.279261398370013
48,-0.349323396365549
49,-0.394665989433045
50,-0.399899483665272
51,-0.41945774061474
52,-0.416458382285252
53,-0.348071972830948
54,-0.300242959303463
55,-0.317396626326341
56,-0.320865695096337
57,-0.352805959619054
58,-0.330146585639015
59,-0.37973197372967
60,-0.252501046532117
61,-0.0314191348435536
62,-0.280333243335715
63,-0.124725669511586
64,-0.068702949509441
65,-0.249076364769213
66,-0.295144433079553
67,-0.258309163969521
68,-0.281747009074594
69,-0.378996342310651
70,-0.365437043095505
71,-0.297326679916608
72,-0.220572537118702
73,-0.227647525420458
74,-0.270556940948026
75,-0.278732983871158
76,-0.315794875441087
77,-0.326548700741815
78,-0.482367194265917
79,-0.418410470741269
80,-0.377448103573201
81,-0.468836592993261
82,-0.508033220942882
83,-0.275430099218642
84,-0.401759119266332
85,-0.284808136807434
86,-0.217148358323099
87,-0.195108462078459
88,-0.0310139341745102
89,-0.088299867255948
90,-0.241417538720672
91,-0.101011207195611
92,0.00942884960503207
93,-0.0534160017185025
94,-0.314637072106976
95,-0.319510993575857
96,-0.255849345193174
97,-0.347230201225281
98,-0.234678028038047
99,-0.10338380333451
100,-0.225814480484309
101,-0.162312001476809
102,-0.0760518034793073
103,-0.0817695267164177
104,-0.0555411225276297
105,-0.00498335146490656
106,0.0031001750860212
107,-0.0253009643044568
108,-0.0646325827438975
109,-0.21265912707832
110,-0.0775650337591277
111,-0.142500620823751
112,-0.395103105149431
113,-0.388027223874169
114,-0.192683183383359
115,-0.216809783160116
116,-0.203030785300066
117,-0.238978247627275
118,-0.280861540879498
119,-0.341444022509324
120,-0.315394924237312
121,-0.159591748728282
122,-0.330615667907759
123,-0.343162565858093
124,-0.326852229610906
125,-0.269151929707188
126,-0.337591934181392
127,-0.201649604926989
128,-0.370690942031288
129,-0.323449170948988
130,-0.368936481896909
131,-0.175819535925765
132,-0.265834393176143
133,-0.385446004388317
134,-0.419959318664838
135,-0.271819509764506
136,-0.07978854567734
137,-0.218633661928148
138,-0.266724938641421
139,-0.185877044362741
140,-0.209120091453293
141,-0.252151817673664
142,-0.308129332480965
143,-0.195776068421446
144,-0.142109558881696
145,-0.0275011393361766
146,-0.286944653218391
147,-0.108024340918496
148,-0.25644934024663
149,0.0183626357734968
150,-0.19376571356608
151,-0.235555279783911
152,-0.14027160649213
153,-0.217378446218187
154,-0.218119221061115
155,-0.207588581172519
156,-0.261120947670631
157,-0.259302289134633
158,-0.199090535779949
159,-0.121826800283842
160,0.0122719754429698
161,-0.0690670988550437
162,-0.0616355365342841
163,-0.160741485838006
164,-0.235256323778766
165,-0.373497759952577
166,-0.180553401252935
167,-0.18398919908758
168,-0.238099201706075
169,-0.272831517622429
170,-0.282656248678799
171,-0.407740829481793
172,-0.19073032404374
173,-0.201631450515743
174,-0.307253765811845
175,-0.335762254455464
176,-0.16859188304916
177,-0.236301139015634
178,-0.244120801442504
179,-0.38185378663606
180,-0.474983610256835
181,-0.422569087759192
182,-0.503252284074826
183,-0.375820141206242
184,-0.354245291017207
185,-0.319609935842047
186,-0.220633440983722
187,-0.255980596636966
188,-0.207867896343114
189,-0.237742196481729
190,-0.275893316820785
191,-0.161774635807523
192,-0.381678108211858
193,-0.483113740120579
194,-0.253899991954845
195,-0.287062733115232
196,-0.158311577366211
197,-0.0334067921044539
198,-0.20328608492844
199,-0.273043128802068
200,-0.380576017461279
201,-0.375467926664296
202,-0.264893340999331
203,-0.46531013551399
204,-0.316496692166198
205,-0.321344946287344
206,-0.233859514864894
207,-0.202791239770963
208,-0.222878662329869
209,-0.0893412924996807
210,-0.136013820853532
211,-0.259328608568374
212,-0.220797489233182
213,-0.3065608229639
214,-0.310893016797993
215,-0.305408497569935
216,-0.311305606418928
217,-0.255071095962614
218,-0.356065465448492
219,-0.309035107773408
220,-0.378060628415893
221,-0.362834664715682
222,-0.254519282666452
223,-0.230885756281676
224,-0.157159473215027
225,-0.124970249056534
226,-0.15203366588657
227,-0.161826354126555
228,-0.264686392072321
229,-0.134468837608696
230,-0.136086576392547
231,-0.115544716356108
232,-0.0310506143706899
233,-0.0337978491617712
234,-0.137389995101392
235,0.129867680244722
236,-0.111736738327075
237,-0.109589077987783
238,-0.0258843955946149
239,0.168258164971862
240,0.031959663053516
241,-0.212469585514105
242,-0.0347730856910426
243,-0.122631691115138
244,-0.0447129084270195
245,0.0755685239720543
246,0.108166689401116
247,0.104691436525093
248,0.0423914939246875
249,-0.0120179672612792
250,0.00797466251049426
251,-0.16406339851716
252,-0.076150259918055
253,-0.183120030513579
254,-0.283823903488461
255,-0.244456202479007
256,-0.256873222935904
257,-0.267358828156546
258,-0.280399629062985
259,-0.237332475793097
260,-0.313641206433563
261,-0.248910994077864
262,-0.294961682644029
263,-0.297982463845032
264,-0.147398921909958
265,-0.23854649134436
266,-0.16232047256803
267,-0.231910356075216
268,-0.185774093672558
269,-0.266403227666444
270,-0.221898665814119
271,-0.33153355748442
272,-0.322180314136034
273,-0.311534277640726
274,-0.437051405553102
275,-0.377838265286583
276,-0.338551094510027
277,-0.313191744244215
278,-0.172041912057245
279,-0.326018325699555
280,-0.228198052248206
281,-0.238044186599219
282,-0.0508138402298119
283,-0.168984898414825
284,-0.215426978729167
285,-0.257335088878626
286,-0.198897736828861
287,-0.34874283704153
288,-0.274669062195477
289,-0.305462335721189
290,-0.433772273170046
291,-0.310186241855686
292,-0.294391300166616
293,-0.414081623206206
294,-0.294038189364861
295,-0.291858391617634
296,-0.235714832088195
297,-0.195288348578088
298,-0.261833889388937
299,-0.212319033969438
300,-0.128511060310527
301,-0.0877065707753865
302,-0.0630944899290587
303,0.00237366521731422
304,-0.0599365231428797
305,-0.0627695059202937
306,0.0691339163229381
307,0.00848989143246551
308,-0.0842488723085172
309,-0.148159376414005
310,-0.169516216993456
311,-0.189372149768742
312,-0.245597969176182
313,-0.270212897497589
314,-0.182924893705768
315,-0.245724206693861
316,-0.260921095702347
317,-0.203762137742823
318,-0.166179834729809
319,-0.264329380928032
320,-0.317694614646685
321,-0.279767708999705
322,-0.255410780898153
323,-0.255162099056576
324,-0.201586361089794
325,-0.227196914758336
326,-0.322335009555959
327,-0.227796997140252
328,-0.293533866492382
329,-0.275925494797983
330,-0.254667665912736
331,-0.291676522292211
332,-0.163975317881981
333,-0.167771757924515
334,-0.196280582242005
335,-0.25890288051054
336,-0.242245207740201
337,-0.237332985499883
338,-0.336011879339966
339,-0.273827518446919
340,-0.148257243989397
341,-0.0897618401110604
342,-0.177073374863992
343,-0.214865624076909
344,-0.283105636065303
345,-0.255716499191209
346,-0.247287938475342
347,-0.362590022695697
348,-0.267981098754623
349,-0.253448871307026
350,-0.350775470590865
351,-0.36060498190892
352,-0.402056609156464
353,-0.318257104690766
354,-0.375364280139578
355,-0.322289459836924
356,-0.271363963318898
357,-0.369506282128385
358,-0.290364722476814
359,-0.34200202661514
360,-0.277802613810391
361,-0.152889198431992
362,-0.270137833828524
363,-0.246859061566002
364,-0.157918732423316
365,-0.220545765155223
366,-0.178358172273922
367,-0.160097483729519
368,-0.241694901021362
369,-0.273917630321514
370,-0.218245973975348
371,-0.231755123863584
372,-0.245012493007398
373,-0.268316611373039
374,-0.391957332531983
375,-0.277529491288944
376,-0.263710051764874
377,-0.123332518880684
378,-0.245319322750435
379,-0.187716234750623
380,-0.164887200597645
381,-0.266705233660834
382,-0.274172609412141
383,-0.174442110190978
384,-0.157425316295315
385,-0.14101666213378
386,-0.128988234007567
387,-0.050715837871047
388,-0.173121326454058
389,-0.195160381886292
390,-0.296906389692632
391,-0.215922556695648
392,-0.278150655691515
393,-0.331193960262855
394,-0.252888109535349
395,-0.228153278591343
396,-0.122981650360911
397,-0.0713758307185862
398,-0.113732757282016
399,-0.180906643096256
400,-0.18764843699753
401,-0.234089398078969
402,-0.0958586251642618
403,-0.235071429063909
404,-0.284467052293595
405,-0.142742025076451
406,-0.025256181210362
407,-0.0472884499369584
408,-0.16329793984431
409,-0.0772958290254662
410,-0.153877709290556
411,-0.142374817794574
412,-0.192935893899894
413,-0.0646453150139498
414,-0.154305553891358
415,-0.0441074026000861
416,-0.0184217987920249
417,-0.19058428562661
418,-0.115375837057163
419,-0.0377396544187337
420,-0.130587999825837
421,-0.17210675708377
422,-0.284994116364574
423,-0.275696275512558
424,-0.132003715879401
425,-0.154851529724288
426,-0.239404597976901
427,-0.145079067590981
428,-0.266002772448295
429,-0.153591121691914
430,-0.106880361804394
431,-0.135039615074718
432,-0.108425271458289
433,-0.089251989312255
434,-0.0381822683540791
435,-0.084281745810807
436,-0.272336633541094
437,-0.162420918784418
438,-0.248626851856916
439,-0.312152599509139
440,-0.212673035854474
441,-0.206631589735332
442,-0.22011497865743
443,-0.173425285407979
444,-0.00582249988526
445,-0.22211545068545
446,-0.20294178044688
447,-0.138939103971662
448,-0.0576764856320651
449,-0.169943903818686
450,-0.0661467004971205
451,-0.257197251544294
452,-0.178960233939053
453,-0.134526218586579
454,-0.185181641665831
455,-0.162024048229066
456,-0.237435642574648
457,-0.17885274819772
458,-0.163341077622718
459,-0.145059221428074
460,-0.258847462276246
461,-0.113719595011308
462,-0.22099743150279
463,-0.129076653553698
464,-0.211711564431276
465,-0.235339189545067
466,-0.220352550288685
467,-0.365251228182264
468,-0.345103262866975
469,-0.419085999782056
470,-0.345186714764552
471,-0.392400426724883
472,-0.335680601590834
473,-0.288955288905499
474,-0.372242632312856
475,-0.309445715577359
476,-0.277822605942318
477,-0.21541981992002
478,-0.116775954246074
479,-0.224853492931503
480,-0.127260042155174
481,-0.123994017472664
482,-0.128465712760489
483,-0.128296753474613
484,-0.162227807872781
485,-0.117236016320425
486,-0.170076873619512
487,-0.178247007720794
488,-0.0754482120441914
489,-0.077606079481126
490,-0.186052026991891
491,-0.201039183649104
492,-0.286834968274199
493,-0.187855494671407
494,-0.112803161095785
495,-0.311914061541466
496,-0.123026595388885
497,-0.217057517211234
498,-0.271048600011782
499,-0.188065232750052
500,-0.142418235421796
501,-0.0646601223845197
502,-0.0857068430836235
503,-0.0749342339906895
504,-0.238797964084486
505,-0.0919874535531766
506,-0.10321599519534
507,-0.0510230479929654
508,-0.0796976466375698
509,-0.199521221746171
510,-0.145032171876012
511,-0.126257238761898
512,-0.193335463242035
513,-0.116411366200054
514,-0.131873913081794
515,-0.13859596579755
516,-0.0955890828051378
517,-0.00968154599403345
518,-0.069546247677629
519,-0.0311526289598102
520,-0.0818865290018456
521,-0.0532094891889457
522,-0.117193462988533
523,-0.113460912539913
524,-0.091903826859276
525,-0.0762349826716734
526,-0.179128957581786
527,-0.144470775673678
528,-0.172342022139474
529,-0.154942388814061
530,-0.14511288249633
531,-0.312613637374117
532,-0.0380821821769282
533,-0.156655813926926
534,-0.0508068071702771
535,-0.0188607422775253
536,-0.277273016669022
537,-0.158504790834065
538,-0.109252744567388
539,-0.202773721968655
540,-0.289985238784195
541,-0.346927172585504
542,-0.323084607350801
543,-0.437384977071153
544,-0.334538217691927
545,-0.368917228883653
546,-0.252694931795382
547,-0.266473592081576
548,-0.27026264257835
549,-0.377907850784664
550,-0.341622410005056
551,-0.420575706353825
552,-0.453415419481395
553,-0.361663343637741
554,-0.269554265632341
555,-0.359986803254548
556,-0.276969783051094
557,-0.305985438819619
558,-0.0756856061093468
559,-0.148063371463492
560,-0.29837726559512
561,-0.245675994058608
562,-0.284517746388743
563,-0.249327591818271
564,-0.191847942141177
565,-0.221288006643614
566,-0.200779994441437
567,-0.236002409032482
568,-0.236663188772243
569,-0.299912507625198
570,-0.0852709647672745
571,-0.159648477081666
572,-0.174649226156759
573,-0.124485832237922
574,-0.271160662970464
575,-0.250934223879883
576,-0.18159552195915
577,-0.167901744262677
578,-0.113908111424878
579,-0.132047120360075
580,-0.108951116290453
581,-0.124736454780745
582,-0.195787123770408
583,-0.13758676411458
584,-0.101891160866058
585,-0.0903191447713251
586,0.0196313990535836
587,-0.0955918128709111
588,-0.11824090240647
589,-0.18277374779595
590,-0.117464384760692
591,-0.0821696902899087
592,-0.0810744366262608
593,-0.00523638337719348
594,0.0969742582052429
595,0.0299904256708399
596,-0.127101201249448
597,-0.0561908730592057
598,-0.0294162412232384
599,-0.09076199931474
600,-0.0310646516724512
601,-0.0443734477720565
602,0.0815469642888196
603,0.0248607675191832
604,0.17336830431438
605,0.147064948621556
606,0.0446123157558894
607,-0.0462699083496124
608,-0.119551881228585
609,-0.116774807502461
610,-0.0798385094780973
611,-0.0587985307228676
612,0.0191756783355895
613,0.0272291029874426
614,0.109421913879031
615,-0.00670929212554726
616,-0.00309169695509502
617,-0.0834093863610709
618,0.0442928845871391
619,0.13816566842625
620,0.179341488177453
621,-0.0635017522252427
622,-0.0604078706520897
623,-0.0711955158308848
624,-0.0562365065956257
625,0.0255756238359837
626,-0.0407118302024265
627,-0.374045370360183
628,-0.18273519989408
629,0.0168956151019717
630,-0.0675816582450781
631,-0.255370085657273
632,-0.233148769273308
633,-0.0986115952684911
634,-0.0492834147929979
635,-0.122877497604282
636,-0.136332690767254
637,-0.159143615939858
638,-0.162334963065079
639,-0.223393315322883
640,-0.189621140856244
641,-0.249720964707456
642,-0.156570943341478
643,-0.145978515614468
644,-0.0621679560888706
645,-0.0573333899983393
646,-0.117127783757527
647,-0.20371688147085
648,-0.25054208790439
649,-0.113594692841067
650,-0.0118602543205567
651,-0.142755109262214
652,0.0374607976233308
653,-0.112777253192905
654,0.0268140104389765
655,0.0332756481654897
656,0.0311362176894765
657,0.0496136373158793
658,-0.0496897495929508
659,-0.0305164897059212
660,-0.119414692612212
661,-0.10946749836246
662,-0.169817882622051
663,-0.212418601941041
664,-0.222402286891845
665,-0.192842539013547
666,-0.194041791957148
667,-0.0280511976475141
668,-0.0871564510657291
669,-0.0404379455456662
670,0.117920609074864
671,0.180681954416194
672,0.0644680122078981
673,0.0077161382597607
674,0.160212158715176
675,0.00850424203339248
676,-0.118370076230941
677,0.033709474418192
678,0.0869969312831666
679,0.125958593269941
680,0.167755186455304
681,-0.0307997188789791
682,-0.0582328214898608
683,-0.0716378630969817
684,-0.254647407747647
685,-0.221219802877372
686,-0.247965033059112
687,-0.370826447668908
688,-0.295583855860298
689,-0.393764708721796
690,-0.453598898768988
691,-0.43515002898394
692,-0.414300012098728
693,-0.470642612877946
694,-0.474974699073953
695,-0.51110355335414
696,-0.410911937078627
697,-0.497477180712661
698,-0.346175885549072
699,-0.322237376350582
700,-0.293093238670835
701,-0.237472366083563
702,-0.236668658356298
703,-0.257778905186656
704,-0.219790242945784
705,-0.193006540333136
706,-0.209179585547574
707,-0.194808805512556
708,-0.0200651292274994
709,-0.0942295804322256
710,-0.0809851935770813
711,-0.0688828060705197
712,-0.0732028521434195
713,-0.09116038859714
714,-0.0539939346624563
715,-0.231901218702315
716,-0.174131144060092
717,-0.0799116764918791
718,-0.0517471454572622
719,-0.148005605367565
720,-0.276080383347306
721,-0.166078357701439
722,-0.218956251517954
723,-0.160512479394791
724,-0.118803736815831
725,-0.0775058567247742
726,-0.220992892677456
727,-0.165242192165497
728,-0.212300524507596
729,-0.204400225351493
730,-0.19829161511963
731,-0.114837826657767
732,-0.0727022958549064
733,-0.0946995265194829
734,-0.0185506557540113
735,-0.0379497612621949
736,-0.0857947608376087
737,-0.116653760887455
738,-0.0665489010976576
739,-0.107199221566515
740,-0.061973751801457
741,0.0466776661646188
742,0.0138293636352287
743,-0.0854799663494261
744,-0.0722197678672995
745,-0.0598080462770073
746,0.111361968611861
747,-0.031955028766676
748,-0.0410467408190971
749,-0.0534010263931679
750,-0.105271051524654
751,-0.0797328101874592
752,-0.0117768214283238
753,-0.0302731586518094
754,-0.0657599514765827
755,-0.028346901801612
756,-0.0310765550924315
757,0.0235664408867621
758,-0.0518720887424976
759,-0.0916907436411319
760,-0.24417816400886
761,-0.212484011764188
762,-0.0752504704959853
763,0.0215072184505628
764,0.00441365210154034
765,-0.0306729355278246
766,-0.186206861680468
767,-0.102841572689371
768,-0.118664255704056
769,-0.0715335675731892
770,-0.162641318167641
771,0.014570752562657
772,-0.112200724847779
773,-0.125340231971713
774,-0.0700089183630221
775,-0.0328852652705696
776,-0.0259455765722525
777,-0.0600906045162074
778,-0.123342679086317
779,-0.173772109194379
780,-0.144173253942396
781,-0.118344021019512
782,-0.17273342538822
783,-0.113985509331829
784,-0.124822755382715
785,-0.0609994192072214
786,-0.0450845184654857
787,-0.0413947901574393
788,-0.172677100519913
789,-0.0984777669166327
790,-0.119990983746076
791,-0.194230856986855
792,-0.161098071903754
793,-0.151690955059933
794,-0.109326440519884
795,-0.16640350378992
796,-0.161924295123004
797,-0.12868581761944
798,-0.0888387415300574
799,-0.108354535606132
800,-0.234029596224861
801,-0.199565477798748
802,-0.205214535650972
803,-0.196942714113088
804,-0.197699134139471
805,-0.254987631167853
806,-0.247057674173861
807,-0.347533204854875
808,-0.339998161715013
809,-0.254043992142097
810,-0.335854128094466
811,-0.194553590358098
812,-0.215623975226408
813,-0.209008797124937
814,-0.170950159145379
815,-0.159331030339823
816,-0.130948240201519
817,-0.270675907236405
818,-0.0844887972179462
819,-0.0882616591282381
820,-0.0939993497245027
821,-0.259838533377661
822,-0.264264589313626
823,-0.188113605642683
824,-0.290392449613239
825,-0.228766918726004
826,-0.201180143873968
827,-0.175890237197141
828,-0.124511461132031
829,-0.114856247107745
830,-0.0348297367230028
831,-0.0673521489220976
832,-0.012483279113716
833,-0.0207484411422739
834,-0.149102674151969
835,-0.159362857249557
836,-0.254626628616484
837,-0.255439615242768
838,-0.275280353528907
839,-0.184764077019303
840,-0.134358412990315
841,-0.10923757237204
842,-0.0831681376656948
843,-0.0687842684843857
844,-0.159049897755981
845,-0.0112196504772484
846,-0.211526513310907
847,-0.196175001531253
848,-0.203880749659391
849,-0.274897328752954
850,-0.175152801511662
851,-0.280562350033723
852,-0.352986174788392
853,-0.238202287860059
854,-0.292676606382476
855,-0.400310208741496
856,-0.437010260680148
857,-0.505719843735078
858,-0.48502993357164
859,-0.522548526244445
860,-0.540750884188407
861,-0.436628372923019
862,-0.43139544724241
863,-0.435167236819887
864,-0.376094142288495
865,-0.400683362189915
866,-0.339543589888844
867,-0.232482252574007
868,-0.238170981848006
869,-0.225754865670976
870,-0.242549285447659
871,-0.219618860961291
872,-0.129174903504497
873,-0.207487444280186
874,-0.298221397546735
875,-0.140787250812999
876,-0.17674040424916
877,-0.23602932762052
878,-0.085015028936149
879,-0.0537017257089613
880,0.0701555341566871
881,-0.0533479885043111
882,-0.00633682188390503
883,-0.105421606020609
884,-0.24450999240024
885,-0.158891820634666
886,-0.174283898477559
887,0.0045957637828947
888,-0.031737377243859
889,-0.0231122102267364
890,-0.207394755790622
891,-0.135848567834004
892,-0.121816924109908
893,-0.217664651748703
894,-0.131063820286788
895,-0.13056852338949
896,-0.157212009321706
897,-0.107778543210123
898,-0.16491697946051
899,-0.236732441496161
900,-0.280949817950573
901,-0.21779667706796
902,-0.271882387753659
903,-0.287081199296516
904,-0.2414883651644
905,-0.275495226626918
906,-0.247242493820405
907,-0.243956210292274
908,-0.212379806522883
909,-0.260820894828731
910,-0.333174701709318
911,-0.315038443273279
912,-0.230871555544122
913,-0.227766219788501
914,-0.159829216762845
915,-0.0776329239846055
916,-0.0542551610218441
917,-0.0603475132861341
918,-0.118271119369961
919,-0.0787375985167633
920,-0.112321283766057
921,-0.0956777398122027
922,-0.113191114470661
923,-0.103765708632998
924,-0.042668723703697
925,-0.065111311323897
926,0.0482585163815228
927,-0.0658644313516833
928,-0.146273667266567
929,0.00578137857035788
930,-0.035757455790336
931,-0.0767108698056489
932,0.00501514554064318
933,-0.0507353965100196
934,0.0852631952965168
935,-0.105986908583311
936,0.0985556081990619
937,0.103730437129738
938,0.0842716830641807
939,-0.0394126100328454
940,-0.110019679843803
941,-0.0314303957084214
942,-0.148202582817132
943,-0.11919873388365
944,-0.123907333851673
945,-0.089296507343609
946,0.00385718066858939
947,0.0164220897427774
948,-0.0489101303803616
949,-0.0176893999120883
950,-0.060628725695039
951,-0.0314844410962143
952,-0.0483603607782221
953,-0.0525243485101025
954,-0.0532362358968976
955,-0.0148785260041547
956,0.0201377166502002
957,-0.0666417222490123
958,-0.226559674725357
959,-0.136118008152389
960,-0.122067569387665
961,-0.218863113423106
962,-0.122733016384379
963,-0.0265164665363345
964,-0.00979057253518895
965,-0.0366207913451497
966,0.0496290191358069
967,-0.112383749834668
968,-0.0726071267874927
969,-0.064634332729456
970,-0.146063603437861
971,-0.0537092163820383
972,0.021436567677
973,-0.133737559033726
974,-0.140704421986494
975,-0.0960399990796403
976,-0.182001384333767
977,-0.137049568981261
978,-0.0391898024277197
979,-0.0608171195387297
980,-0.117223321264699
981,-0.0747203208187851
982,0.00349693412826364
983,0.0480727418075069
984,0.14521804414109
985,0.0148568999152692
986,-0.054752231538099
987,-0.107207542756151
988,-0.237844973026328
989,-0.164063662493796
990,-0.162537653919214
991,-0.168437177859966
992,-0.0577716149364607
993,0.0327549741162896
994,-0.056638414339208
995,-0.107470278088048
996,-0.0725837089901653
997,-0.073565005377883
998,-0.12861389104839
999,-0.150382773723853
1000,-0.208974072060984
1001,-0.0681581187880229
1002,-0.110337162908232
1003,-0.141366190549938
1004,-0.163020982194327
1005,-0.140894269603434
1006,-0.0574221820564175
1007,-0.153760656304197
1008,-0.142349550485582
1009,-0.23213610330145
1010,-0.00363361089409459
1011,-0.0283633617836716
1012,0.00732532549551382
1013,-0.0644654057008184
1014,-0.100172113695387
1015,-0.113001222223672
1016,-0.218502896732454
1017,-0.212539650739797
1018,-0.210484797780593
1019,-0.115438878557979
1020,-0.0672304993324099
1021,-0.19428660747309
1022,-0.0786565791922005
1023,-0.0486852069006702
1024,-0.137178538691029
1025,-0.0466601204806667
1026,-0.183151675825976
1027,-0.11435603552199
1028,-0.0445532565333155
1029,-0.101651984600147
1030,-0.106505764110089
1031,-0.0897911677890843
1032,-0.0365126047324405
1033,-0.0509249206239467
1034,-0.00757171572165204
1035,-0.151249980724444
1036,0.0442695890732589
1037,0.0990853148827828
1038,-0.0419130114018941
1039,-0.0423974041063411
1040,0.087975623338802
1041,-0.12928824728493
1042,-0.0957836480971708
1043,-0.138298077993249
1044,-0.0869321714651016
1045,0.00338808648800658
1046,-0.100793573544643
1047,-0.00152246936068975
1048,0.00235766626953177
1049,-0.045483278740071
1050,-0.0858762629565205
1051,0.0027816128507268
1052,0.0052830133943576
1053,-0.152305929930051
1054,-0.124299388317084
1055,-0.237774480510372
1056,-0.248456393646685
1057,-0.206998893247466
1058,-0.271563544416332
1059,-0.339296119807607
1060,-0.251390396548533
1061,-0.118962053464314
1062,-0.0571479279862815
1063,-0.130501832946826
1064,-0.200462804843206
1065,-0.182665929423905
1066,-0.105522193367683
1067,-0.131481967963713
1068,-0.182617751177638
1069,-0.220766060947154
1070,-0.0800801779221044
1071,-0.109350884271238
1072,-0.0706357180187347
1073,-0.118481305016586
1074,-0.0809179304617519
1075,-0.0839634605477211
1076,-0.178876443743489
1077,-0.0994621757385069
1078,-0.0684802262481922
1079,-0.0749743038291984
1080,0.0546235214570843
1081,-0.0316172937445912
1082,-0.118119294868798
1083,-0.0872973288307953
1084,-0.0112766126654735
1085,0.00194532115926939
1086,0.0321215075450293
1087,0.0654782503681765
1088,-0.0673429273845621
1089,-0.0412921628977996
1090,-0.133264200133765
1091,-0.0961147054756507
1092,-0.143011215861639
1093,-0.14556836770815
1094,-0.235065370308336
1095,-0.277721464956602
1096,-0.244778279660389
1097,-0.150727223347972
1098,-0.20161801159072
1099,-0.111707591937476
1100,-0.110877375202369
1101,-0.102944674671944
1102,-0.115560539668186
1103,-0.204332213194703
1104,-0.202733125780456
1105,-0.228744110255468
1106,-0.289049660807699
1107,-0.319382067159884
1108,-0.32149595027399
1109,-0.398793375122781
1110,-0.288185941369902
1111,-0.229203483746803
1112,-0.248057047177557
1113,-0.332566839032902
1114,-0.358949546486901
1115,-0.342284773695765
1116,-0.297323369191098
1117,-0.296739595310984
1118,-0.230931505676049
1119,-0.219463129908722
1120,-0.26151225739347
1121,-0.247006955878952
1122,-0.189518336901271
1123,-0.13535528193808
1124,-0.137995888417531
1125,-0.21954216820783
1126,-0.284099008513348
1127,-0.285308560037942
1128,-0.31572820663316
1129,-0.345753797397611
1130,-0.289258385907233
1131,-0.335429221435326
1132,-0.356213104634791
1133,-0.29513146169683
1134,-0.256281921840129
1135,-0.238150518906984
1136,-0.316005932543348
1137,-0.230551536654135
1138,-0.28133597205638
1139,-0.301154004657547
1140,-0.312886948287954
1141,-0.26609278281291
1142,-0.228751980122112
1143,-0.17898589967743
1144,-0.356176409032383
1145,-0.424907058313513
1146,-0.324465963414198
1147,-0.303347287782651
1148,-0.16609709924659
1149,-0.102876764368011
1150,-0.143433198201173
1151,-0.262340402433399
1152,-0.116522952333124
1153,-0.0647848105687709
1154,-0.0562960736613884
1155,-0.046401327763228
1156,-0.14188273922897
1157,-0.0753080474025385
1158,-0.0696182191674194
1159,-0.0259428068678776
1160,0.0637475089922388
1161,0.0347800454070161
1162,-0.0423653849129559
1163,-0.030006905074315
1164,-0.0542041834840179
1165,-0.0407737484650219
1166,-0.123191248023632
1167,-0.193751326036439
1168,-0.156973686639629
1169,-0.129600738327137
1170,-0.165231682688988
1171,-0.232619968592685
1172,-0.137190273260477
1173,-0.125653819852419
1174,-0.209233791357843
1175,-0.178427887607164
1176,-0.190046758448367
1177,-0.168358443305179
1178,-0.177134052641233
1179,-0.223886897644895
1180,-0.145967064515777
1181,-0.246273809254243
1182,-0.357746329113758
1183,-0.318089873223054
1184,-0.415073360562959
1185,-0.3928006229147
1186,-0.379784824126311
1187,-0.338490339519854
1188,-0.192268024006336
1189,-0.370478210034947
1190,-0.249664579328687
1191,-0.399869296466727
1192,-0.400750090180414
1193,-0.301463074754794
1194,-0.314255222745758
1195,-0.247399881645913
1196,-0.374289052497491
1197,-0.441308981227278
1198,-0.423752460721234
1199,-0.352303819257912
1200,-0.454047627076828
1201,-0.511112411906699
1202,-0.479655571256945
1203,-0.310908566413368
1204,-0.5554390123657
1205,-0.394673316980669
1206,-0.358058880844977
1207,-0.323231880121124
1208,-0.366422303156198
1209,-0.324820891395535
1210,-0.40670887186708
1211,-0.259045612179337
1212,-0.392095983643559
1213,-0.444822937436596
1214,-0.537998666420866
1215,-0.459352561402249
1216,-0.504384671908847
1217,-0.422734121503788
1218,-0.379848190005595
1219,-0.427960634399034
1220,-0.420656903785632
1221,-0.2860927583712
1222,-0.231671328854599
1223,-0.345615723949975
1224,-0.352016871889563
1225,-0.290944861949875
1226,-0.376800253365317
1227,-0.393347427772464
1228,-0.392985211803813
1229,-0.332457798824742
1230,-0.430938446433958
1231,-0.334403346874909
1232,-0.432187796219476
1233,-0.409331802914053
1234,-0.506238051567663
1235,-0.50041155325825
1236,-0.480347978657948
1237,-0.423295501750849
1238,-0.438915381868254
1239,-0.346871233309464
1240,-0.357738932575953
1241,-0.296454603325604
1242,-0.386576367270092
1243,-0.47001899181398
1244,-0.4747658788525
1245,-0.352534171855782
1246,-0.382059286349355
1247,-0.358850825725579
1248,-0.314413285458732
1249,-0.266844562541335
1250,-0.374932445026224
1251,-0.353707516556002
1252,-0.282931695413334
1253,-0.193922191761857
1254,-0.204670864332756
1255,-0.28380960730235
1256,-0.346825495084161
1257,-0.250626677284007
1258,-0.325197757044695
1259,-0.330543893273623
1260,-0.31663939041374
1261,-0.338623318870048
1262,-0.332744925343183
1263,-0.396709374667713
1264,-0.379666501751388
1265,-0.397140098381596
1266,-0.395487991434224
1267,-0.451089391319321
1268,-0.399013579112392
1269,-0.29351018159888
1270,-0.427040800258765
1271,-0.360589631183596
1272,-0.421479631577222
1273,-0.360526342647295
1274,-0.311149814849417
1275,-0.309001729320785
1276,-0.319566659131895
1277,-0.426903908385814
1278,-0.552398215230323
1279,-0.381211634238265
1280,-0.296575256165997
1281,-0.404986945253792
1282,-0.399115503569943
1283,-0.395108266047671
1284,-0.448998446465623
1285,-0.359771777690039
1286,-0.35570869241086
1287,-0.422996157149044
1288,-0.505062602226988
1289,-0.45617176207634
1290,-0.46122972100159
1291,-0.548525632597325
1292,-0.519359870612656
1293,-0.536363400364924
1294,-0.495494703675991
1295,-0.510369558267698
1296,-0.466769943562993
1297,-0.526093260953551
1298,-0.369759971496395
1299,-0.483739987018175
1300,-0.473956282608072
1301,-0.463314735806957
1302,-0.525162214768774
1303,-0.503361169958722
1304,-0.369369272666836
1305,-0.392416358989714
1306,-0.326417031519752
1307,-0.294888003576507
1308,-0.32562402663659
1309,-0.267628606101977
1310,-0.318145674344959
1311,-0.239145519896697
1312,-0.295735898894761
1313,-0.28250631029881
1314,-0.278874780936102
1315,-0.254080089706642
1316,-0.262150749562724
1317,-0.303070618875541
1318,-0.398922186371598
1319,-0.387766525963795
1320,-0.409302937366448
1321,-0.446252227313886
1322,-0.451344307826466
1323,-0.405448315958346
1324,-0.316210641368843
1325,-0.304469664719098
1326,-0.32259722211195
1327,-0.237246436924656
1328,-0.230730228303756
1329,-0.223941371527667
1330,-0.352369956218335
1331,-0.28135878327168
1332,-0.426545643813512
1333,-0.448061261408814
1334,-0.445049731069906
1335,-0.399281536413025
1336,-0.396414547002381
1337,-0.355926271674598
1338,-0.418596265320172
1339,-0.349663653164031
1340,-0.361759488233997
1341,-0.469881142712717
1342,-0.394252183849083
1343,-0.387592083096973
1344,-0.432208433419989
1345,-0.36248906059083
1346,-0.487028580848847
1347,-0.511315184869833
1348,-0.547672612868847
1349,-0.542251626231971
1350,-0.539035495356514
1351,-0.441097101635892
1352,-0.538089561119792
1353,-0.48140915086782
1354,-0.392606778748151
1355,-0.407058487679517
1356,-0.312565599644712
1357,-0.359940588857939
1358,-0.384075670361536
1359,-0.315400249886231
1360,-0.362575613299439
1361,-0.413447974474378
1362,-0.442044135981332
1363,-0.466730100056568
1364,-0.353613339159951
1365,-0.300344793773837
1366,-0.227121248668474
1367,-0.303028133913179
1368,-0.214550868609781
1369,-0.418242629382243
1370,-0.392600983319679
1371,-0.31785274006336
1372,-0.297894531375203
1373,-0.315647929807857
1374,-0.314445003546127
1375,-0.326092188716272
1376,-0.36630894249478
1377,-0.477819963975371
1378,-0.453877483846643
1379,-0.510141480705442
1380,-0.497886633630708
1381,-0.539060422649257
1382,-0.508970479567048
1383,-0.470695705759096
1384,-0.41275789871155
1385,-0.400774219109863
1386,-0.413490941721482
1387,-0.384093734778601
1388,-0.388412022301301
1389,-0.316052754058968
1390,-0.330803770919943
1391,-0.374279981589057
1392,-0.417357164123074
1393,-0.425777558766568
1394,-0.319300318678349
1395,-0.373756593054922
1396,-0.278326836665523
1397,-0.29179843883331
1398,-0.346670352704613
1399,-0.523847599432301
1400,-0.435475286541265
1401,-0.444217504048685
1402,-0.420478624218964
1403,-0.395669118481543
1404,-0.423393029259915
1405,-0.336614959680291
1406,-0.245300352463431
1407,-0.316041773423532
1408,-0.261809566579418
1409,-0.25614433282008
1410,-0.328100242980814
1411,-0.326784625292144
1412,-0.414836800431626
1413,-0.389139733052148
1414,-0.441141614063781
1415,-0.372828404085557
1416,-0.372739675214439
1417,-0.418990843912631
1418,-0.37480372088064
1419,-0.393509934347455
1420,-0.305643994556693
1421,-0.270927061373767
1422,-0.324927842443964
1423,-0.355375773184633
1424,-0.330265856337358
1425,-0.415222686375947
1426,-0.324255275587755
1427,-0.304191552363716
1428,-0.247611738572121
1429,-0.29951666314201
1430,-0.365970935775918
1431,-0.336879994165749
1432,-0.408882257575304
1433,-0.315544944681351
1434,-0.311969498579627
1435,-0.25685359047123
1436,-0.270554970638766
1437,-0.398269390402468
1438,-0.486675508192917
1439,-0.493346846097018
1440,-0.45925765136256
1441,-0.427506405369175
1442,-0.52681044546395
1443,-0.396734000727853
1444,-0.335924269313447
1445,-0.261636235157176
1446,-0.319610548206591
1447,-0.3794751908962
1448,-0.462756815164586
1449,-0.494028211613466
1450,-0.535561652592497
1451,-0.462838551766017
1452,-0.479313526357453
1453,-0.501518893786766
1454,-0.441408242087975
1455,-0.54092925292266
1456,-0.54096959722878
1457,-0.587077332333125
1458,-0.709192867813519
1459,-0.636751844953524
1460,-0.523997238479477
1461,-0.523965489853125
1462,-0.533868369179415
1463,-0.477290508822941
1464,-0.598703710861131
1465,-0.516627888702188
1466,-0.615842700222601
1467,-0.512288391058193
1468,-0.494506881006453
1469,-0.493074447970483
1470,-0.407113432660493
1471,-0.53645780494493
1472,-0.524180404001537
1473,-0.523837964861806
1474,-0.548290697244847
1475,-0.596134422041724
1476,-0.565444928891112
1477,-0.434887756879773
1478,-0.415323995268316
1479,-0.405566743883257
1480,-0.396302911595534
1481,-0.336723841847567
1482,-0.293503328164901
1483,-0.475421944641388
1484,-0.373514863180964
1485,-0.343841840520428
1486,-0.388762022450561
1487,-0.353035785938597
1488,-0.295824056186133
1489,-0.247266834890254
1490,-0.318544297333852
1491,-0.38417558274631
1492,-0.433324659870631
1493,-0.31869984703444
1494,-0.289508370292346
1495,-0.440585525052272
1496,-0.42466062253296
1497,-0.479285652512116
1498,-0.506923040108068
1499,-0.410564174606012
1500,-0.548094506169699
1501,-0.501363406168317
1502,-0.512558263286047
1503,-0.51916522919199
1504,-0.441684585274779
1505,-0.397131922289432
1506,-0.503209613954233
1507,-0.513946215436882
1508,-0.423486383747052
1509,-0.413144686412184
1510,-0.469339190453711
1511,-0.528406154618679
1512,-0.396015626469604
1513,-0.515327726507435
1514,-0.458461699697848
1515,-0.458105783681263
1516,-0.541458860801543
1517,-0.476575811404438
1518,-0.553529714674358
1519,-0.624987152155242
1520,-0.551666558125466
1521,-0.591342072859513
1522,-0.565522452476536
1523,-0.609764949679675
1524,-0.545122466000284
1525,-0.490308620312627
1526,-0.52509963015764
1527,-0.458551343328824
1528,-0.506381849467187
1529,-0.468710440149192
1530,-0.433277661798318
1531,-0.363368235844091
1532,-0.364026682197037
1533,-0.329239579906055
1534,-0.425627485886511
1535,-0.412435495418473
1536,-0.446389746420379
1537,-0.32103724024501
1538,-0.386976472098882
1539,-0.293639367750422
1540,-0.45164694685168
1541,-0.413736328585518
1542,-0.303285655442693
1543,-0.437561433732532
1544,-0.490098231134563
1545,-0.280118208546047
1546,-0.332528069312666
1547,-0.305448666420128
1548,-0.245019087788863
1549,-0.374230781252194
1550,-0.349881464100863
1551,-0.387854985682817
1552,-0.362836548839033
1553,-0.378931035314985
1554,-0.402182271446592
1555,-0.460319932152335
1556,-0.422528706270612
1557,-0.477338845304476
1558,-0.435117723309157
1559,-0.514165731918914
1560,-0.451586153370702
1561,-0.462243000444172
1562,-0.457590508506507
1563,-0.373346468891334
1564,-0.36803336873809
1565,-0.373037488851199
1566,-0.361197376687233
1567,-0.394034916029173
1568,-0.346308189119671
1569,-0.371570194137699
1570,-0.421054865727136
1571,-0.407508251238614
1572,-0.462157880664935
1573,-0.512016088502966
1574,-0.430205404553677
1575,-0.486859734473407
1576,-0.465588453677529
1577,-0.519819445226485
1578,-0.596170755426054
1579,-0.593272552900419
1580,-0.507254334376856
1581,-0.468876487954615
1582,-0.404024127032037
1583,-0.432230449569003
1584,-0.443174848620241
1585,-0.409897053826316
1586,-0.470421285832638
1587,-0.514089542519264
1588,-0.461863447752238
1589,-0.50495149956244
1590,-0.412236701745148
1591,-0.464874679755636
1592,-0.417805267609915
1593,-0.45485577786369
1594,-0.413110766182376
1595,-0.43278288616416
1596,-0.476799445228652
1597,-0.490437828676822
1598,-0.402473859997797
1599,-0.391879267719731
1600,-0.467554545083426
1601,-0.573501705365813
1602,-0.549632726361359
1603,-0.492073363194647
1604,-0.561666622662622
1605,-0.641165679747897
1606,-0.627599174414949
1607,-0.766420563567608
1608,-0.739337104224624
1609,-0.615516459118045
1610,-0.611694634572774
1611,-0.536408911797644
1612,-0.588416914047126
1613,-0.553275012635306
1614,-0.444480102070562
1615,-0.605162753860337
1616,-0.510983531887402
1617,-0.534329789837969
1618,-0.580459896891481
1619,-0.434011120495402
1620,-0.535617436216333
1621,-0.557010437728571
1622,-0.529323661402395
1623,-0.544392229404073
1624,-0.633894172859223
1625,-0.557304953720376
1626,-0.520426243363618
1627,-0.564026773156597
1628,-0.418727115984232
1629,-0.353052829680156
1630,-0.422821891318581
1631,-0.406718385954349
1632,-0.480785060256108
1633,-0.381100639594299
1634,-0.348336835975233
1635,-0.464471603803612
1636,-0.40070292984283
1637,-0.412883972962147
1638,-0.27296716452612
1639,-0.457956486846366
1640,-0.34615772874056
1641,-0.419352608964457
1642,-0.420645569870725
1643,-0.473169681028599
1644,-0.403964082898175
1645,-0.471997924662324
1646,-0.475998221405935
1647,-0.642884737993128
1648,-0.484676906873366
1649,-0.503201814358993
1650,-0.538914850762773
1651,-0.501112617104804
1652,-0.489844640868263
1653,-0.49506795369754
1654,-0.398520200736225
1655,-0.238818527296876
1656,-0.178280328228014
1657,-0.231397157908616
1658,-0.32537680633978
1659,-0.329401567943633
1660,-0.307100151454873
1661,-0.286984340278027
1662,-0.330048637909803
1663,-0.432708946113114
1664,-0.243012330864424
1665,-0.316581299786455
1666,-0.309167414565319
1667,-0.265360097014957
1668,-0.327105698994629
1669,-0.47946896579555
1670,-0.554836430276221
1671,-0.449143847846411
1672,-0.562357416756218
1673,-0.523184147308884
1674,-0.557778609319447
1675,-0.560125464707103
1676,-0.598669701604564
1677,-0.540682716499256
1678,-0.486402949198609
1679,-0.5058810559963
1680,-0.601670714294384
1681,-0.636813103919183
1682,-0.503222000144065
1683,-0.532792849483909
1684,-0.421371453326119
1685,-0.51114560704321
1686,-0.424394632577534
1687,-0.468203509956901
1688,-0.432314572101737
1689,-0.326242303018578
1690,-0.314481116977977
1691,-0.375994307015348
1692,-0.444635145991451
1693,-0.403593740941164
1694,-0.443475460764693
1695,-0.482743850406964
1696,-0.473690760639354
1697,-0.541997039134595
1698,-0.444830771750417
1699,-0.522021376406087
1700,-0.516639012808123
1701,-0.565630405304825
1702,-0.540866481651089
1703,-0.532126141755996
1704,-0.479923675052224
1705,-0.459908365247191
1706,-0.524536662572324
1707,-0.416301688656384
1708,-0.394486844229424
1709,-0.380169913764488
1710,-0.438918936395229
1711,-0.418180741650374
1712,-0.346770106933775
1713,-0.342689140429826
1714,-0.414034261218559
1715,-0.394077311688727
1716,-0.398757833631553
1717,-0.309700126778791
1718,-0.377049576819124
1719,-0.393293711802947
1720,-0.444482471719161
1721,-0.375114089624345
1722,-0.433914729078068
1723,-0.458942168909862
1724,-0.485871892586789
1725,-0.526663061874007
1726,-0.491806344470202
1727,-0.421869807076285
1728,-0.44558574448882
1729,-0.532472323451881
1730,-0.458023639369684
1731,-0.436806816501742
1732,-0.364636436369845
1733,-0.48865829285133
1734,-0.44105680867035
1735,-0.447984101598326
1736,-0.424589692826092
1737,-0.464792959701941
1738,-0.414598435088043
1739,-0.427267071094126
1740,-0.286240925985136
1741,-0.259738339417748
1742,-0.369177943059538
1743,-0.240670788330484
1744,-0.262710881739743
1745,-0.333928072513805
1746,-0.483271202531842
1747,-0.398875818245107
1748,-0.335476214823521
1749,-0.346064249101369
1750,-0.492254333123898
1751,-0.409553334240003
1752,-0.45405042803883
1753,-0.438368106615386
1754,-0.324137419740896
1755,-0.421163268588914
1756,-0.437754023665353
1757,-0.318029253870724
1758,-0.416854237888533
1759,-0.318335119813778
1760,-0.355099717514914
1761,-0.352762655961376
1762,-0.410894683936701
1763,-0.38105231240191
1764,-0.43338363490561
1765,-0.366675046012141
1766,-0.33296849491357
1767,-0.305024147850726
1768,-0.410217344114601
1769,-0.353390889715066
1770,-0.320509785878298
1771,-0.312344017627173
1772,-0.313834187569887
1773,-0.20427030113603
1774,-0.2382579391469
1775,-0.280909978710392
1776,-0.245928707919283
1777,-0.210477174998215
1778,-0.269856174119761
1779,-0.212865445634252
1780,-0.260956645682848
1781,-0.238207772968542
1782,-0.320020508413417
1783,-0.260154106318097
1784,-0.297269213405837
1785,-0.368007552219819
1786,-0.220650242396038
1787,-0.400396804558307
1788,-0.288776246826136
1789,-0.216344024808054
1790,-0.26245476541853
1791,-0.238222153267418
1792,-0.320076482995226
1793,-0.316813029588911
1794,-0.32602721592589
1795,-0.390843402698906
1796,-0.342603803855063
1797,-0.396183904697822
1798,-0.293368757765043
1799,-0.295754063150273
1800,-0.349420433170996
1801,-0.219238311885924
1802,-0.266936936634385
1803,-0.24270508389221
1804,-0.211265738752845
1805,-0.346031808284095
1806,-0.317870288524483
1807,-0.254102481709908
1808,-0.238791426217178
1809,-0.286070698090256
1810,-0.35592648269465
1811,-0.246756891804452
1812,-0.394075586079396
1813,-0.353275084513683
1814,-0.405738031657078
1815,-0.514242620002836
1816,-0.491762864863333
1817,-0.411029043112866
1818,-0.488068896709367
1819,-0.416368585191464
1820,-0.364585996680448
1821,-0.422896412675398
1822,-0.395267629600086
1823,-0.300856244251479
1824,-0.393499161973642
1825,-0.394474607399055
1826,-0.324729081680425
1827,-0.35050330053682
1828,-0.304786329370511
1829,-0.422956625035147
1830,-0.35803005636355
1831,-0.314151001824682
1832,-0.380393604974352
1833,-0.450847690133697
1834,-0.454064018455859
1835,-0.448384052811648
1836,-0.536315037579652
1837,-0.571298041018451
1838,-0.599041505901242
1839,-0.591540951109618
1840,-0.532091515673444
1841,-0.469434903728792
1842,-0.494003968318799
1843,-0.422282530782582
1844,-0.394613536324403
1845,-0.421236851188799
1846,-0.337274919924793
1847,-0.324484853500118
1848,-0.281691847546432
1849,-0.399171465983903
1850,-0.483871912244533
1851,-0.442689857066997
1852,-0.318043775941577
1853,-0.381680477690139
1854,-0.415676054079533
1855,-0.332843111484587
1856,-0.329969216892915
1857,-0.357186212123562
1858,-0.326378388775125
1859,-0.342963149555767
1860,-0.319786742606548
1861,-0.246788223858195
1862,-0.214328383177714
1863,-0.25028623451243
1864,-0.242818893742729
1865,-0.34329468073461
1866,-0.314841774886491
1867,-0.358504252726784
1868,-0.332948746731805
1869,-0.418811948310786
1870,-0.352756778135827
1871,-0.306156486840193
1872,-0.286475923517613
1873,-0.328160581966904
1874,-0.261255989304413
1875,-0.193541168918766
1876,-0.236422848902712
1877,-0.29093915797924
1878,-0.200118027836258
1879,-0.348839347403311
1880,-0.358658781764478
1881,-0.386004811084338
1882,-0.257773474809058
1883,-0.196136055875709
1884,-0.234678392434888
1885,-0.302856801688977
1886,-0.22968357276712
1887,-0.33277015664626
1888,-0.303557785643887
1889,-0.227977754546066
1890,-0.201591986365447
1891,-0.311883585043428
1892,-0.363031668463116
1893,-0.342626293413364
1894,-0.217535458725972
1895,-0.18140631503941
1896,-0.160790802510286
1897,-0.238039980049073
1898,-0.312329046077282
1899,-0.384857295350891
1900,-0.265448672786674
1901,-0.265909929301925
1902,-0.417271465388982
1903,-0.3920455789084
1904,-0.473744900398957
1905,-0.404526653396076
1906,-0.38437441176357
1907,-0.415981976720458
1908,-0.35017559516972
1909,-0.443715963416565
1910,-0.437179181216324
1911,-0.343823081068159
1912,-0.388689713004622
1913,-0.403013413527089
1914,-0.336214541379708
1915,-0.249174604910797
1916,-0.356094506359637
1917,-0.411449035023151
1918,-0.359066338786484
1919,-0.287764881640543
1920,-0.260881897732509
1921,-0.270717979920784
1922,-0.223032095657066
1923,-0.303094541292472
1924,-0.272595363085806
1925,-0.290341371807901
1926,-0.211985638648283
1927,-0.231159392987988
1928,-0.247613063258524
1929,-0.274673874797249
1930,-0.189947112699532
1931,-0.216907899137946
1932,-0.152092289290383
1933,-0.190128499625033
1934,-0.208310783990591
1935,-0.170686286190517
1936,-0.113470043397169
1937,-0.0300170584991304
1938,-0.0398702466151373
1939,-0.0198692915152551
1940,0.0186790511650073
1941,-0.0647228639893437
1942,-0.019943093918452
1943,-0.0848725524290988
1944,-0.000636661880652917
1945,-0.0960402487916044
1946,-0.159759584598702
1947,-0.0728675103053448
1948,-0.053472829403913
1949,-0.162588676355847
1950,-0.158028866833751
1951,-0.040249991908757
1952,-0.128699513580214
1953,-0.0594664063503825
1954,-0.024075598419293
1955,-0.0872788940856007
1956,-0.103532877273268
1957,-0.0542589081329581
1958,-0.0617102240341732
1959,0.03939202127168
1960,-0.0173573078578826
1961,-0.0603926321217406
1962,-0.131750639890455
1963,-0.0931607113683964
1964,-0.199036886688661
1965,-0.174724182607848
1966,-0.161222292637754
1967,-0.132521989043976
1968,-0.105467919815649
1969,-0.000297470294780425
1970,-0.10425024475323
1971,-0.103644456901374
1972,-0.143677573211455
1973,-0.0989641437334788
1974,-0.148495954684478
1975,-0.109886071744008
1976,-0.0812206869638852
1977,0.00768812320716614
1978,0.0272834235541531
1979,0.0707660249922656
1980,0.080857442893273
1981,0.170956417084112
1982,0.103751452739174
1983,0.0828449293649074
1984,0.0543009486695916
1985,0.0221626250987421
1986,0.178796289790643
1987,0.0992647153467985
1988,0.220917244206215
1989,0.121064494957477
1990,0.178996831137891
1991,0.227368080762317
1992,0.163283108549851
1993,0.15703022521365
1994,0.260929515475341
1995,0.240450061401264
1996,0.176924085979629
1997,0.29891034366545
1998,0.445432670277949
1999,0.32293469991004
2000,0.334544621012939
